Date,Temperature,,
2005-05-11,12.9,12.5,12.74
2005-05-12,12.9069,12.7,12.93
2005-05-13,12.92722,12.9,13.11
2005-05-14,12.96041,13.1,13.30
2005-05-15,13.00592,13.3,13.48
2005-05-16,13.06319,13.5,13.66
2005-05-17,13.13166,13.7,13.85
2005-05-18,13.21079,13.9,14.03
2005-05-19,13.3,14.1,14.21
2005-05-20,13.60177,14.3,14.39
2005-05-21,14.22865,14.5,14.57
2005-05-22,15.04522,14.8,14.74
2005-05-23,15.91606,15,14.92
2005-05-24,16.70575,15.2,15.09
2005-05-25,17.27887,15.4,15.27
2005-05-26,17.5,15.6,15.44
2005-05-27,17.45015,15.8,15.61
2005-05-28,17.32157,16,15.78
2005-05-29,17.14577,16.1,15.95
2005-05-30,16.95423,16.3,16.12
2005-05-31,16.77843,16.5,16.28
2005-06-01,16.64985,16.7,16.44
2005-06-02,16.6,16.9,16.61
2005-06-03,16.63997,17.1,16.77
2005-06-04,16.74818,17.3,16.92
2005-06-05,16.90714,17.5,17.08
2005-06-06,17.09931,17.7,17.23
2005-06-07,17.30719,17.9,17.39
2005-06-08,17.51326,18,17.54
2005-06-09,17.7,18.2,17.68
2005-06-10,17.87337,18.4,17.83
2005-06-11,18.05081,18.6,17.97
2005-06-12,18.23206,18.8,18.12
2005-06-13,18.41685,18.9,18.26
2005-06-14,18.60491,19.1,18.39
2005-06-15,18.79597,19.3,18.53
2005-06-16,18.98975,19.5,18.66
2005-06-17,19.186,19.6,18.79
2005-06-18,19.38443,19.8,18.92
2005-06-19,19.58479,19.9,19.05
2005-06-20,19.78679,20.1,19.17
2005-06-21,19.99017,20.3,19.29
2005-06-22,20.19467,20.4,19.41
2005-06-23,20.4,20.6,19.52
2005-06-24,20.63912,20.7,19.63
2005-06-25,20.91985,20.9,19.74
2005-06-26,21.20425,21,19.85
2005-06-27,21.45437,21.2,19.96
2005-06-28,21.63227,21.3,20.06
2005-06-29,21.7,21.4,20.16
2005-06-30,21.61691,21.6,20.25
2005-07-01,21.40262,21.7,20.35
2005-07-02,21.10962,21.8,20.44
2005-07-03,20.79038,22,20.52
2005-07-04,20.49738,22.1,20.61
2005-07-05,20.28309,22.2,20.69
2005-07-06,20.2,22.3,20.77
2005-07-07,20.33333,22.5,20.84
2005-07-08,20.66667,22.6,20.91
2005-07-09,21.1,22.7,20.98
2005-07-10,21.53333,22.8,21.05
2005-07-11,21.86667,22.9,21.11
2005-07-12,22,23,21.17
2005-07-13,21.95885,23.1,21.23
2005-07-14,21.84856,23.2,21.28
2005-07-15,21.68889,23.3,21.33
2005-07-16,21.49959,23.4,21.38
2005-07-17,21.30041,23.5,21.42
2005-07-18,21.11111,23.5,21.46
2005-07-19,20.95144,23.6,21.50
2005-07-20,20.84115,23.7,21.54
2005-07-21,20.8,23.8,21.57
2005-07-22,20.8277,23.8,21.59
2005-07-23,20.89913,23.9,21.62
2005-07-24,20.99679,24,21.64
2005-07-25,21.10321,24,21.66
2005-07-26,21.20087,24.1,21.67
2005-07-27,21.2723,24.1,21.68
2005-07-28,21.3,24.2,21.69
2005-07-29,21.28133,24.2,21.70
2005-07-30,21.22826,24.3,21.70
2005-07-31,21.14515,24.3,21.69
2005-08-01,21.03639,24.3,21.69
2005-08-02,20.90636,24.4,21.68
2005-08-03,20.75944,24.4,21.67
2005-08-04,20.6,24.4,21.65
2005-08-05,20.30238,24.4,21.63
2005-08-06,19.79024,24.5,21.61
2005-08-07,19.14191,24.5,21.59
2005-08-08,18.43577,24.5,21.56
2005-08-09,17.75015,24.5,21.53
2005-08-10,17.16341,24.5,21.49
2005-08-11,16.75391,24.5,21.45
2005-08-12,16.6,24.5,21.41
2005-08-13,16.63047,24.5,21.37
2005-08-14,16.71802,24.5,21.32
2005-08-15,16.85691,24.5,21.27
2005-08-16,17.04134,24.4,21.21
2005-08-17,17.26557,24.4,21.16
2005-08-18,17.52383,24.4,21.09
2005-08-19,17.81035,24.4,21.03
2005-08-20,18.11936,24.3,20.96
2005-08-21,18.4451,24.3,20.89
2005-08-22,18.78179,24.3,20.82
2005-08-23,19.12369,24.2,20.74
2005-08-24,19.46501,24.2,20.66
2005-08-25,19.8,24.1,20.58
2005-08-26,20.21963,24.1,20.50
2005-08-27,20.77103,24,20.41
2005-08-28,21.38264,24,20.32
2005-08-29,21.9829,23.9,20.22
2005-08-30,22.50025,23.8,20.13
2005-08-31,22.86314,23.8,20.03
2005-09-01,23,23.7,19.93
2005-09-02,22.79824,23.6,19.82
2005-09-03,22.28325,23.5,19.71
2005-09-04,21.59048,23.5,19.60
2005-09-05,20.85538,23.4,19.49
2005-09-06,20.2134,23.3,19.37
2005-09-07,19.8,23.2,19.25
2005-09-08,19.5849,23.1,19.13
2005-09-09,19.4281,23,19.01
2005-09-10,19.30039,22.9,18.88
2005-09-11,19.17259,22.8,18.75
2005-09-12,19.01553,22.7,18.62
2005-09-13,18.8,22.6,18.49
2005-09-14,18.39146,22.5,18.35
2005-09-15,17.74732,22.3,18.22
2005-09-16,16.97636,22.2,18.07
2005-09-17,16.18737,22.1,17.93
2005-09-18,15.48913,22,17.79
2005-09-19,14.99041,21.8,17.64
2005-09-20,14.8,21.7,17.49
2005-09-21,14.88863,21.6,17.34
2005-09-22,15.1172,21.4,17.19
2005-09-23,15.42974,21.3,17.03
2005-09-24,15.77026,21.2,16.88
2005-09-25,16.0828,21,16.72
2005-09-26,16.31137,20.9,16.56
2005-09-27,16.4,20.7,16.40
2005-09-28,16.38697,20.6,16.23
2005-09-29,16.34978,20.4,16.07
2005-09-30,16.29123,20.3,15.90
2005-10-01,16.21416,20.1,15.73
2005-10-02,16.12139,19.9,15.56
2005-10-03,16.01572,19.8,15.39
2005-10-04,15.9,19.6,15.22
2005-10-05,15.66795,19.5,15.04
2005-10-06,15.26229,19.3,14.87
2005-10-07,14.75931,19.1,14.69
2005-10-08,14.2353,18.9,14.51
2005-10-09,13.76655,18.8,14.33
2005-10-10,13.42935,18.6,14.15
2005-10-11,13.3,18.4,13.97
2005-10-12,13.31108,18.2,13.79
2005-10-13,13.33965,18,13.61
2005-10-14,13.37872,17.9,13.43
2005-10-15,13.42128,17.7,13.24
2005-10-16,13.46035,17.5,13.06
2005-10-17,13.48892,17.3,12.87
2005-10-18,13.5,17.1,12.68
2005-10-19,13.45831,16.9,12.50
2005-10-20,13.34334,16.7,12.31
2005-10-21,13.17026,16.5,12.12
2005-10-22,12.95423,16.3,11.93
2005-10-23,12.7104,16.1,11.75
2005-10-24,12.45394,16,11.56
2005-10-25,12.2,15.8,11.37
2005-10-26,11.87405,15.6,11.18
2005-10-27,11.43188,15.4,10.99
2005-10-28,10.93411,15.2,10.80
2005-10-29,10.4414,15,10.61
2005-10-30,10.01438,14.8,10.42
2005-10-31,9.7137,14.5,10.23
2005-11-01,9.6,14.3,10.04
2005-11-02,9.60741,14.1,9.86
2005-11-03,9.62593,13.9,9.67
2005-11-04,9.65,13.7,9.48
2005-11-05,9.67407,13.5,9.29
2005-11-06,9.69259,13.3,9.11
2005-11-07,9.7,13.1,8.92
2005-11-08,9.68374,12.9,8.73
2005-11-09,9.63765,12.7,8.55
2005-11-10,9.56573,12.5,8.37
2005-11-11,9.47199,12.3,8.18
2005-11-12,9.36045,12.1,8.00
2005-11-13,9.23512,11.9,7.82
2005-11-14,9.1,11.7,7.64
2005-11-15,8.89246,11.5,7.46
2005-11-16,8.56586,11.3,7.28
2005-11-17,8.14823,11.1,7.10
2005-11-18,7.66759,10.9,6.92
2005-11-19,7.15196,10.7,6.75
2005-11-20,6.62936,10.5,6.58
2005-11-21,6.12782,10.2,6.40
2005-11-22,5.67536,10,6.23
2005-11-23,5.3,9.84,6.06
2005-11-24,4.97411,9.64,5.89
2005-11-25,4.65567,9.44,5.73
2005-11-26,4.3511,9.25,5.56
2005-11-27,4.06682,9.05,5.40
2005-11-28,3.80926,8.85,5.24
2005-11-29,3.58485,8.65,5.08
2005-11-30,3.4,8.46,4.92
2005-12-01,3.24229,8.27,4.76
2005-12-02,3.09838,8.07,4.61
2005-12-03,2.97332,7.88,4.45
2005-12-04,2.87217,7.69,4.30
2005-12-05,2.8,7.51,4.15
2005-12-06,2.74651,7.32,4.01
2005-12-07,2.69781,7.13,3.86
2005-12-08,2.65355,6.95,3.72
2005-12-09,2.61341,6.77,3.58
2005-12-10,2.57704,6.59,3.44
2005-12-11,2.5441,6.41,3.31
2005-12-12,2.51426,6.23,3.17
2005-12-13,2.48716,6.06,3.04
2005-12-14,2.46248,5.89,2.92
2005-12-15,2.43987,5.72,2.79
2005-12-16,2.41899,5.55,2.67
2005-12-17,2.39951,5.38,2.55
2005-12-18,2.38108,5.22,2.43
2005-12-19,2.36337,5.05,2.31
2005-12-20,2.34603,4.89,2.20
2005-12-21,2.32873,4.73,2.09
2005-12-22,2.31112,4.58,1.98
2005-12-23,2.29287,4.42,1.88
2005-12-24,2.27363,4.27,1.77
2005-12-25,2.25307,4.12,1.67
2005-12-26,2.23085,3.98,1.58
2005-12-27,2.20663,3.83,1.48
2005-12-28,2.18006,3.69,1.39
2005-12-29,2.15082,3.55,1.31
2005-12-30,2.11855,3.42,1.22
2005-12-31,2.08292,3.29,1.14
2006-01-01,2.04359,3.15,1.06
2006-01-02,2.00022,3.03,0.98
2006-01-03,1.95247,2.9,0.91
2006-01-04,1.9,2.78,0.84
2006-01-05,1.81092,2.66,0.77
2006-01-06,1.67266,2.54,0.71
2006-01-07,1.51382,2.43,0.65
2006-01-08,1.36302,2.32,0.59
2006-01-09,1.24887,2.21,0.54
2006-01-10,1.2,2.11,0.49
2006-01-11,1.19358,2.01,0.44
2006-01-12,1.1877,1.91,0.40
2006-01-13,1.18234,1.81,0.36
2006-01-14,1.17746,1.72,0.32
2006-01-15,1.17304,1.63,0.28
2006-01-16,1.16905,1.55,0.25
2006-01-17,1.16547,1.46,0.22
2006-01-18,1.16225,1.38,0.20
2006-01-19,1.15938,1.31,0.18
2006-01-20,1.15683,1.24,0.16
2006-01-21,1.15456,1.17,0.14
2006-01-22,1.15256,1.1,0.13
2006-01-23,1.15079,1.04,0.12
2006-01-24,1.14923,0.98,0.12
2006-01-25,1.14784,0.92,0.12
2006-01-26,1.1466,0.87,0.12
2006-01-27,1.14548,0.82,0.12
2006-01-28,1.14445,0.78,0.13
2006-01-29,1.14349,0.73,0.14
2006-01-30,1.14256,0.69,0.16
2006-01-31,1.14164,0.66,0.17
2006-02-01,1.1407,0.63,0.20
2006-02-02,1.13972,0.6,0.22
2006-02-03,1.13865,0.58,0.25
2006-02-04,1.13749,0.55,0.28
2006-02-05,1.13618,0.54,0.31
2006-02-06,1.13472,0.52,0.35
2006-02-07,1.13307,0.51,0.39
2006-02-08,1.13121,0.5,0.44
2006-02-09,1.12909,0.5,0.49
2006-02-10,1.12671,0.5,0.54
2006-02-11,1.12402,0.5,0.59
2006-02-12,1.12101,0.51,0.65
2006-02-13,1.11763,0.52,0.71
2006-02-14,1.11387,0.54,0.77
2006-02-15,1.1097,0.55,0.84
2006-02-16,1.10508,0.58,0.91
2006-02-17,1.1,0.6,0.98
2006-02-18,1.09094,0.63,1.05
2006-02-19,1.07543,0.66,1.13
2006-02-20,1.05503,0.69,1.22
2006-02-21,1.03126,0.73,1.30
2006-02-22,1.00567,0.78,1.39
2006-02-23,0.9798,0.82,1.48
2006-02-24,0.95517,0.87,1.57
2006-02-25,0.93334,0.92,1.67
2006-02-26,0.91585,0.98,1.77
2006-02-27,0.90422,1.04,1.87
2006-02-28,0.9,1.1,1.97
2006-03-01,0.90404,1.17,2.08
2006-03-02,0.91607,1.24,2.19
2006-03-03,0.93597,1.31,2.30
2006-03-04,0.9636,1.38,2.42
2006-03-05,0.99885,1.46,2.54
2006-03-06,1.04159,1.55,2.66
2006-03-07,1.09168,1.63,2.78
2006-03-08,1.14901,1.72,2.91
2006-03-09,1.21345,1.81,3.04
2006-03-10,1.28486,1.91,3.17
2006-03-11,1.36314,2.01,3.30
2006-03-12,1.44814,2.11,3.43
2006-03-13,1.53974,2.21,3.57
2006-03-14,1.63781,2.32,3.71
2006-03-15,1.74224,2.43,3.85
2006-03-16,1.85289,2.54,4.00
2006-03-17,1.96963,2.66,4.15
2006-03-18,2.09234,2.78,4.29
2006-03-19,2.2209,2.9,4.44
2006-03-20,2.35517,3.03,4.60
2006-03-21,2.49503,3.15,4.75
2006-03-22,2.64036,3.29,4.91
2006-03-23,2.79102,3.42,5.07
2006-03-24,2.94689,3.55,5.23
2006-03-25,3.10785,3.69,5.39
2006-03-26,3.27377,3.83,5.55
2006-03-27,3.44452,3.98,5.72
2006-03-28,3.61997,4.12,5.88
2006-03-29,3.8,4.27,6.05
2006-03-30,4.07241,4.42,6.22
2006-03-31,4.48573,4.58,6.39
2006-04-01,4.98094,4.73,6.56
2006-04-02,5.49899,4.89,6.74
2006-04-03,5.98088,5.05,6.91
2006-04-04,6.36755,5.22,7.09
2006-04-05,6.6,5.38,7.27
2006-04-06,6.71377,5.55,7.45
2006-04-07,6.7943,5.72,7.63
2006-04-08,6.85738,5.89,7.81
2006-04-09,6.91883,6.06,7.99
2006-04-10,6.99444,6.23,8.17
2006-04-11,7.1,6.41,8.35
2006-04-12,7.24804,6.59,8.54
2006-04-13,7.43961,6.77,8.72
2006-04-14,7.67326,6.95,8.91
2006-04-15,7.94755,7.13,9.09
2006-04-16,8.26107,7.32,9.28
2006-04-17,8.61236,7.51,9.47
2006-04-18,9,7.69,9.66
2006-04-19,9.608,7.88,9.84
2006-04-20,10.52381,8.07,10.03
2006-04-21,11.60114,8.27,10.22
2006-04-22,12.69371,8.46,10.41
2006-04-23,13.65524,8.65,10.60
2006-04-24,14.33943,8.85,10.79
2006-04-25,14.6,9.05,10.98
2006-04-26,14.50029,9.25,11.17
2006-04-27,14.24315,9.44,11.36
2006-04-28,13.89155,9.64,11.54
2006-04-29,13.50845,9.84,11.73
2006-04-30,13.15685,10,11.92
2006-05-01,12.89971,10.2,12.11
2006-05-02,12.8,10.5,12.30
2006-05-03,12.98834,10.7,12.49
2006-05-04,13.47405,10.9,12.67
2006-05-05,14.13819,11.1,12.86
2006-05-06,14.86181,11.3,13.04
2006-05-07,15.52595,11.5,13.23
2006-05-08,16.01166,11.7,13.41
2006-05-09,16.2,11.9,13.60
2006-05-10,16.2,12.1,13.78
2006-05-11,16.2,12.3,13.96
2006-05-12,16.2,12.5,16.00
2006-05-13,16.2,12.7,16.13
2006-05-14,16.2,12.9,16.27
2006-05-15,16.2,13.1,16.40
2006-05-16,16.2,13.3,16.54
2006-05-17,16.2,13.5,16.67
2006-05-18,16.2,13.7,16.80
2006-05-19,16.2,13.9,16.93
2006-05-20,16.2,14.1,17.06
2006-05-21,16.2,14.3,17.19
2006-05-22,16.2,14.5,17.32
2006-05-23,16.26647,14.8,17.45
2006-05-24,16.4379,15,17.57
2006-05-25,16.6723,15.2,17.69
2006-05-26,16.9277,15.4,17.82
2006-05-27,17.1621,15.6,17.94
2006-05-28,17.33353,15.8,18.06
2006-05-29,17.4,16,18.18
2006-05-30,17.37422,16.1,18.29
2006-05-31,17.30625,16.3,18.41
2006-06-01,17.21016,16.5,18.52
2006-06-02,17.1,16.7,18.63
2006-06-03,16.98984,16.9,18.74
2006-06-04,16.89375,17.1,18.85
2006-06-05,16.82578,17.3,18.96
2006-06-06,16.8,17.5,19.07
2006-06-07,16.89415,17.7,19.17
2006-06-08,17.14571,17.9,19.27
2006-06-09,17.50838,18,19.37
2006-06-10,17.93586,18.2,19.47
2006-06-11,18.38184,18.4,19.57
2006-06-12,18.8,18.6,19.66
2006-06-13,19.24372,18.8,19.75
2006-06-14,19.76852,18.9,19.85
2006-06-15,20.33128,19.1,19.93
2006-06-16,20.88891,19.3,20.02
2006-06-17,21.39831,19.5,20.11
2006-06-18,21.81637,19.6,20.19
2006-06-19,22.1,19.8,20.27
2006-06-20,22.29829,19.9,20.35
2006-06-21,22.48459,20.1,20.43
2006-06-22,22.65214,20.3,20.50
2006-06-23,22.79421,20.4,20.57
2006-06-24,22.90404,20.6,20.64
2006-06-25,22.97489,20.7,20.71
2006-06-26,23,20.9,20.78
2006-06-27,22.90583,21,20.84
2006-06-28,22.66297,21.2,20.90
2006-06-29,22.3309,21.3,20.96
2006-06-30,21.9691,21.4,21.02
2006-07-01,21.63703,21.6,21.07
2006-07-02,21.39417,21.7,21.13
2006-07-03,21.3,21.8,21.18
2006-07-04,21.47726,22,21.22
2006-07-05,21.9344,22.1,21.27
2006-07-06,22.55948,22.2,21.31
2006-07-07,23.24052,22.3,21.35
2006-07-08,23.8656,22.5,21.39
2006-07-09,24.32274,22.6,21.43
2006-07-10,24.5,22.7,21.46
2006-07-11,24.33936,22.8,21.49
2006-07-12,23.92507,22.9,21.52
2006-07-13,23.3586,23,21.55
2006-07-14,22.7414,23.1,21.57
2006-07-15,22.17493,23.2,21.59
2006-07-16,21.76064,23.3,21.61
2006-07-17,21.6,23.4,21.63
2006-07-18,21.72556,23.5,21.64
2006-07-19,22.05728,23.5,21.65
2006-07-20,22.52772,23.6,21.66
2006-07-21,23.06942,23.7,21.67
2006-07-22,23.61494,23.8,21.67
2006-07-23,24.09684,23.8,21.68
2006-07-24,24.44768,23.9,21.68
2006-07-25,24.6,24,21.67
2006-07-26,24.62865,24,21.67
2006-07-27,24.65311,24.1,21.66
2006-07-28,24.67294,24.1,21.65
2006-07-29,24.68767,24.2,21.63
2006-07-30,24.69684,24.2,21.62
2006-07-31,24.7,24.3,21.60
2006-08-01,24.43903,24.3,21.58
2006-08-02,23.7607,24.3,21.56
2006-08-03,22.82192,24.4,21.53
2006-08-04,21.77956,24.4,21.50
2006-08-05,20.79053,24.4,21.47
2006-08-06,20.01171,24.4,21.44
2006-08-07,19.6,24.5,21.41
2006-08-08,19.43202,24.5,21.37
2006-08-09,19.28177,24.5,21.33
2006-08-10,19.15222,24.5,21.29
2006-08-11,19.04631,24.5,21.24
2006-08-12,18.967,24.5,21.19
2006-08-13,18.91724,24.5,21.15
2006-08-14,18.9,24.5,21.09
2006-08-15,18.9277,24.5,21.04
2006-08-16,18.99913,24.5,20.98
2006-08-17,19.09679,24.5,20.92
2006-08-18,19.20321,24.4,20.86
2006-08-19,19.30087,24.4,20.80
2006-08-20,19.3723,24.4,20.74
2006-08-21,19.4,24.4,20.67
2006-08-22,19.2172,24.3,20.60
2006-08-23,18.74577,24.3,20.53
2006-08-24,18.10117,24.2,20.45
2006-08-25,17.39883,24.2,20.38
2006-08-26,16.75423,24.2,20.30
2006-08-27,16.2828,24.1,20.22
2006-08-28,16.1,24.1,20.14
2006-08-29,16.22187,24,20.05
2006-08-30,16.53615,23.9,19.97
2006-08-31,16.96589,23.9,19.88
2006-09-01,17.43411,23.8,19.79
2006-09-02,17.86385,23.8,19.70
2006-09-03,18.17813,23.7,19.60
2006-09-04,18.3,23.6,19.51
2006-09-05,18.28338,23.5,19.41
2006-09-06,18.24052,23.5,19.31
2006-09-07,18.18192,23.4,19.21
2006-09-08,18.11808,23.3,19.10
2006-09-09,18.05948,23.2,19.00
2006-09-10,18.01662,23.1,18.89
2006-09-11,18,23,18.78
2006-09-12,18.01719,22.9,18.67
2006-09-13,18.0625,22.8,18.56
2006-09-14,18.12656,22.7,18.45
2006-09-15,18.2,22.6,18.33
2006-09-16,18.27344,22.5,18.22
2006-09-17,18.3375,22.4,18.10
2006-09-18,18.38281,22.3,17.98
2006-09-19,18.4,22.2,17.86
2006-09-20,18.32433,22.1,17.74
2006-09-21,18.1334,21.9,17.62
2006-09-22,17.88137,21.8,17.49
2006-09-23,17.62236,21.7,17.36
2006-09-24,17.41053,21.6,17.24
2006-09-25,17.3,21.4,17.11
2006-09-26,17.26443,21.3,16.98
2006-09-27,17.23933,21.2,16.85
2006-09-28,17.22165,21,16.72
2006-09-29,17.20832,20.9,16.59
2006-09-30,17.19629,20.8,16.45
2006-10-01,17.18251,20.6,16.32
2006-10-02,17.1639,20.5,16.18
2006-10-03,17.13742,20.3,16.04
2006-10-04,17.1,20.2,15.91
2006-10-05,16.93439,20,15.77
2006-10-06,16.56988,19.9,15.63
2006-10-07,16.07322,19.7,15.49
2006-10-08,15.51115,19.6,15.35
2006-10-09,14.95042,19.4,15.21
2006-10-10,14.45779,19.2,15.07
2006-10-11,14.1,19.1,14.93
2006-10-12,13.83273,18.9,14.78
2006-10-13,13.56726,18.8,14.64
2006-10-14,13.30372,18.6,14.50
2006-10-15,13.04226,18.4,14.35
2006-10-16,12.78302,18.2,14.21
2006-10-17,12.52613,18.1,14.06
2006-10-18,12.27174,17.9,13.92
2006-10-19,12.02,17.7,13.77
2006-10-20,11.77103,17.6,13.63
2006-10-21,11.52499,17.4,13.48
2006-10-22,11.28202,17.2,13.34
2006-10-23,11.04225,17,13.19
2006-10-24,10.80583,16.8,13.04
2006-10-25,10.5729,16.7,12.90
2006-10-26,10.34361,16.5,12.75
2006-10-27,10.11808,16.3,12.61
2006-10-28,9.89647,16.1,12.46
2006-10-29,9.67891,15.9,12.32
2006-10-30,9.46555,15.8,12.17
2006-10-31,9.25653,15.6,12.03
2006-11-01,9.05199,15.4,11.88
2006-11-02,8.85206,15.2,11.74
2006-11-03,8.65691,15,11.59
2006-11-04,8.46665,14.8,11.45
2006-11-05,8.28144,14.6,11.31
2006-11-06,8.10141,14.4,11.16
2006-11-07,7.92672,14.3,11.02
2006-11-08,7.75749,14.1,10.88
2006-11-09,7.59387,13.9,10.74
2006-11-10,7.43601,13.7,10.60
2006-11-11,7.28404,13.5,10.46
2006-11-12,7.1381,13.3,10.32
2006-11-13,6.99834,13.1,10.18
2006-11-14,6.8649,12.9,10.05
2006-11-15,6.73792,12.7,9.91
2006-11-16,6.61753,12.6,9.78
2006-11-17,6.50389,12.4,9.64
2006-11-18,6.39714,12.2,9.51
2006-11-19,6.2974,12,9.38
2006-11-20,6.20484,11.8,9.25
2006-11-21,6.11958,11.6,9.12
2006-11-22,6.04177,11.4,8.99
2006-11-23,5.97155,11.2,8.86
2006-11-24,5.90906,11.1,8.73
2006-11-25,5.85444,10.9,8.61
2006-11-26,5.80784,10.7,8.48
2006-11-27,5.76939,10.5,8.36
2006-11-28,5.73925,10.3,8.24
2006-11-29,5.71754,10.2,8.12
2006-11-30,5.70441,9.98,8.00
2006-12-01,5.7,9.8,7.88
2006-12-02,6.0016,9.62,7.77
2006-12-03,6.7208,9.44,7.65
2006-12-04,7.5792,9.27,7.54
2006-12-05,8.2984,9.1,7.43
2006-12-06,8.6,8.92,7.32
2006-12-07,8.55599,8.75,7.21
2006-12-08,8.44138,8.58,7.11
2006-12-09,8.28233,8.41,7.00
2006-12-10,8.10499,8.25,6.90
2006-12-11,7.93549,8.08,6.80
2006-12-12,7.8,7.92,6.70
2006-12-13,7.68855,7.76,6.61
2006-12-14,7.57423,7.6,6.51
2006-12-15,7.45777,7.44,6.42
2006-12-16,7.3399,7.28,6.33
2006-12-17,7.22136,7.13,6.24
2006-12-18,7.10285,6.97,6.15
2006-12-19,6.98512,6.82,6.06
2006-12-20,6.86889,6.67,5.98
2006-12-21,6.75488,6.53,5.90
2006-12-22,6.64383,6.38,5.82
2006-12-23,6.53646,6.24,5.74
2006-12-24,6.4335,6.1,5.67
2006-12-25,6.33568,5.96,5.60
2006-12-26,6.24372,5.82,5.52
2006-12-27,6.15835,5.69,5.46
2006-12-28,6.0803,5.56,5.39
2006-12-29,6.0103,5.43,5.33
2006-12-30,5.94907,5.3,5.26
2006-12-31,5.89735,5.18,5.20
2007-01-01,5.85585,5.05,5.15
2007-01-02,5.82531,4.93,5.09
2007-01-03,5.80645,4.82,5.04
2007-01-04,5.8,4.7,4.99
2007-01-05,5.94074,4.59,4.94
2007-01-06,6.29259,4.48,4.89
2007-01-07,6.75,4.37,4.85
2007-01-08,7.20741,4.27,4.81
2007-01-09,7.55926,4.17,4.77
2007-01-10,7.7,4.07,4.73
2007-01-11,7.66505,3.97,4.70
2007-01-12,7.56768,3.88,4.67
2007-01-13,7.41909,3.79,4.64
2007-01-14,7.23049,3.7,4.61
2007-01-15,7.01307,3.62,4.59
2007-01-16,6.77805,3.54,4.57
2007-01-17,6.53662,3.46,4.55
2007-01-18,6.3,3.38,4.53
2007-01-19,6.03187,3.31,4.52
2007-01-20,5.70232,3.24,4.50
2007-01-21,5.33215,3.17,4.49
2007-01-22,4.94216,3.11,4.49
2007-01-23,4.55315,3.05,4.48
2007-01-24,4.18592,2.99,4.48
2007-01-25,3.86127,2.94,4.48
2007-01-26,3.6,2.89,4.48
2007-01-27,3.36539,2.84,4.49
2007-01-28,3.13868,2.79,4.50
2007-01-29,2.96763,2.75,4.51
2007-01-30,2.9,2.71,4.52
2007-01-31,2.93644,2.68,4.54
2007-02-01,3.03848,2.65,4.55
2007-02-02,3.19519,2.62,4.57
2007-02-03,3.39563,2.59,4.60
2007-02-04,3.62886,2.57,4.62
2007-02-05,3.88397,2.55,4.65
2007-02-06,4.15,2.53,4.68
2007-02-07,4.41603,2.52,4.71
2007-02-08,4.67114,2.51,4.74
2007-02-09,4.90437,2.5,4.78
2007-02-10,5.10481,2.5,4.82
2007-02-11,5.26152,2.5,4.86
2007-02-12,5.36356,2.5,4.91
2007-02-13,5.4,2.51,4.95
2007-02-14,5.28889,2.52,5.00
2007-02-15,5.01111,2.53,5.05
2007-02-16,4.65,2.55,5.11
2007-02-17,4.28889,2.57,5.16
2007-02-18,4.01111,2.59,5.22
2007-02-19,3.9,2.62,5.28
2007-02-20,3.91864,2.65,5.34
2007-02-21,3.97016,2.68,5.41
2007-02-22,4.04796,2.71,5.48
2007-02-23,4.14543,2.75,5.55
2007-02-24,4.25597,2.79,5.62
2007-02-25,4.37298,2.84,5.69
2007-02-26,4.48986,2.89,5.77
2007-02-27,4.6,2.94,5.84
2007-02-28,4.70441,2.99,5.92
2007-03-01,4.8109,3.05,6.01
2007-03-02,4.92305,3.11,6.09
2007-03-03,5.04445,3.17,6.18
2007-03-04,5.17868,3.24,6.26
2007-03-05,5.32934,3.31,6.35
2007-03-06,5.5,3.38,6.45
2007-03-07,5.75963,3.46,6.54
2007-03-08,6.12832,3.54,6.64
2007-03-09,6.5364,3.62,6.73
2007-03-10,6.91416,3.7,6.83
2007-03-11,7.19193,3.79,6.93
2007-03-12,7.3,3.88,7.04
2007-03-13,7.3,3.97,7.14
2007-03-14,7.3,4.07,7.25
2007-03-15,7.3,4.17,7.36
2007-03-16,7.3,4.27,7.46
2007-03-17,7.3,4.37,7.58
2007-03-18,7.3,4.48,7.69
2007-03-19,7.3,4.59,7.80
2007-03-20,7.3,4.7,7.92
2007-03-21,7.41111,4.82,8.04
2007-03-22,7.68889,4.93,8.16
2007-03-23,8.05,5.05,8.28
2007-03-24,8.41111,5.18,8.40
2007-03-25,8.68889,5.3,8.52
2007-03-26,8.8,5.43,8.64
2007-03-27,8.8,5.56,8.77
2007-03-28,8.8,5.69,8.90
2007-03-29,8.8,5.82,9.03
2007-03-30,8.8,5.96,9.15
2007-03-31,8.8,6.1,9.29
2007-04-01,8.8,6.24,9.42
2007-04-02,8.8,6.38,9.55
2007-04-03,8.8,6.53,9.68
2007-04-04,8.8,6.67,9.82
2007-04-05,8.96766,6.82,9.95
2007-04-06,9.40242,6.97,10.09
2007-04-07,10.0019,7.13,10.23
2007-04-08,10.66376,7.28,10.36
2007-04-09,11.28563,7.44,10.50
2007-04-10,11.76516,7.6,10.64
2007-04-11,12,7.76,10.78
2007-04-12,12.06456,7.92,10.92
2007-04-13,12.10732,8.08,11.06
2007-04-14,12.13702,8.25,11.21
2007-04-15,12.1624,8.41,11.35
2007-04-16,12.1922,8.58,11.49
2007-04-17,12.23515,8.75,11.64
2007-04-18,12.3,8.92,11.78
2007-04-19,12.52503,9.1,11.92
2007-04-20,12.96626,9.27,12.07
2007-04-21,13.50903,9.44,12.21
2007-04-22,14.03868,9.62,12.36
2007-04-23,14.44056,9.8,12.51
2007-04-24,14.6,9.98,12.65
2007-04-25,14.57942,10.2,12.80
2007-04-26,14.52428,10.3,12.94
2007-04-27,14.44444,10.5,13.09
2007-04-28,14.34979,10.7,13.23
2007-04-29,14.25021,10.9,13.38
2007-04-30,14.15556,11.1,13.53
2007-05-01,14.07572,11.2,13.67
2007-05-02,14.02058,11.4,13.82
2007-05-03,14,11.6,13.96
2007-05-04,14.12187,11.8,14.11
2007-05-05,14.43615,12,14.25
2007-05-06,14.86589,12.2,14.40
2007-05-07,15.33411,12.4,14.54
2007-05-08,15.76385,12.6,14.68
2007-05-09,16.07813,12.7,14.83
2007-05-10,16.2,12.9,14.97
2007-05-11,16.13333,13.1,15.11
2007-05-12,15.96667,13.3,15.25
2007-05-13,15.75,13.5,17.17
2007-05-14,15.53333,13.7,17.31
2007-05-15,15.36667,13.9,17.44
2007-05-16,15.3,14.1,17.58
2007-05-17,15.78148,14.3,17.71
2007-05-18,16.98519,14.4,17.84
2007-05-19,18.55,14.6,17.97
2007-05-20,20.11481,14.8,18.10
2007-05-21,21.31852,15,18.23
2007-05-22,21.8,15.2,18.35
2007-05-23,21.74856,15.4,18.48
2007-05-24,21.6107,15.6,18.60
2007-05-25,21.41111,15.8,18.72
2007-05-26,21.17449,15.9,18.83
2007-05-27,20.92551,16.1,18.95
2007-05-28,20.68889,16.3,19.06
2007-05-29,20.4893,16.5,19.17
2007-05-30,20.35144,16.7,19.28
2007-05-31,20.3,16.8,19.39
2007-06-01,20.35102,17,19.50
2007-06-02,20.49388,17.2,19.60
2007-06-03,20.71327,17.4,19.70
2007-06-04,20.99388,17.6,19.80
2007-06-05,21.32041,17.7,19.89
2007-06-06,21.67755,17.9,19.99
2007-06-07,22.05,18.1,20.08
2007-06-08,22.42245,18.2,20.17
2007-06-09,22.77959,18.4,20.25
2007-06-10,23.10612,18.6,20.34
2007-06-11,23.38673,18.8,20.42
2007-06-12,23.60612,18.9,20.50
2007-06-13,23.74898,19.1,20.58
2007-06-14,23.8,19.2,20.65
2007-06-15,23.78801,19.4,20.72
2007-06-16,23.75323,19.6,20.79
2007-06-17,23.69745,19.7,20.86
2007-06-18,23.62245,19.9,20.92
2007-06-19,23.53002,20,20.98
2007-06-20,23.42194,20.2,21.04
2007-06-21,23.3,20.3,21.10
2007-06-22,22.99713,20.5,21.15
2007-06-23,22.41383,20.6,21.20
2007-06-24,21.65321,20.8,21.25
2007-06-25,20.8184,20.9,21.30
2007-06-26,20.01251,21,21.34
2007-06-27,19.33867,21.2,21.38
2007-06-28,18.9,21.3,21.42
2007-06-29,18.61734,21.4,21.45
2007-06-30,18.34971,21.6,21.48
2007-07-01,18.10747,21.7,21.51
2007-07-02,17.90101,21.8,21.54
2007-07-03,17.7407,21.9,21.56
2007-07-04,17.6369,22.1,21.58
2007-07-05,17.6,22.2,21.60
2007-07-06,17.6,22.3,21.62
2007-07-07,17.6,22.4,21.63
2007-07-08,17.6,22.5,21.64
2007-07-09,17.6,22.6,21.65
2007-07-10,17.6,22.7,21.65
2007-07-11,17.6,22.8,21.65
2007-07-12,17.6,22.8,21.65
2007-07-13,17.64563,22.9,21.64
2007-07-14,17.77461,23,21.64
2007-07-15,17.97507,23.1,21.63
2007-07-16,18.23511,23.2,21.61
2007-07-17,18.54287,23.3,21.60
2007-07-18,18.88646,23.4,21.58
2007-07-19,19.25402,23.5,21.56
2007-07-20,19.63365,23.5,21.53
2007-07-21,20.01349,23.6,21.51
2007-07-22,20.38165,23.7,21.48
2007-07-23,20.72626,23.8,21.44
2007-07-24,21.03544,23.8,21.41
2007-07-25,21.29731,23.9,21.37
2007-07-26,21.5,24,21.33
2007-07-27,21.67062,24,21.29
2007-07-28,21.84269,24.1,21.24
2007-07-29,22.01397,24.1,21.19
2007-07-30,22.18219,24.2,21.14
2007-07-31,22.34511,24.2,21.08
2007-08-01,22.50046,24.3,21.03
2007-08-02,22.64598,24.3,20.97
2007-08-03,22.77943,24.3,20.91
2007-08-04,22.89853,24.4,20.84
2007-08-05,23.00104,24.4,20.77
2007-08-06,23.0847,24.4,20.70
2007-08-07,23.14725,24.4,20.63
2007-08-08,23.18644,24.5,20.56
2007-08-09,23.2,24.5,20.48
2007-08-10,23.19085,24.5,20.40
2007-08-11,23.16542,24.5,20.32
2007-08-12,23.12673,24.5,20.23
2007-08-13,23.07782,24.5,20.14
2007-08-14,23.02171,24.5,20.05
2007-08-15,22.96143,24.5,19.96
2007-08-16,22.9,24.5,19.87
2007-08-17,22.83239,24.5,19.77
2007-08-18,22.75187,24.4,19.67
2007-08-19,22.65895,24.4,19.57
2007-08-20,22.55413,24.4,19.47
2007-08-21,22.4379,24.4,19.36
2007-08-22,22.31077,24.3,19.25
2007-08-23,22.17325,24.3,19.14
2007-08-24,22.02582,24.3,19.03
2007-08-25,21.86899,24.2,18.92
2007-08-26,21.70327,24.2,18.80
2007-08-27,21.52915,24.1,18.68
2007-08-28,21.34713,24.1,18.56
2007-08-29,21.15772,24,18.44
2007-08-30,20.96142,24,18.32
2007-08-31,20.75872,23.9,18.19
2007-09-01,20.55014,23.8,18.07
2007-09-02,20.33616,23.8,17.94
2007-09-03,20.11729,23.7,17.81
2007-09-04,19.89403,23.6,17.67
2007-09-05,19.66688,23.5,17.54
2007-09-06,19.43635,23.5,17.40
2007-09-07,19.20293,23.4,17.27
2007-09-08,18.96713,23.3,17.13
2007-09-09,18.72944,23.2,16.99
2007-09-10,18.49037,23.1,16.85
2007-09-11,18.25042,23,16.70
2007-09-12,18.01009,22.9,16.56
2007-09-13,17.76987,22.8,16.41
2007-09-14,17.53028,22.7,16.27
2007-09-15,17.29181,22.6,16.12
2007-09-16,17.05496,22.5,15.97
2007-09-17,16.82024,22.3,15.82
2007-09-18,16.58814,22.2,15.67
2007-09-19,16.35916,22.1,15.51
2007-09-20,16.13381,22,15.36
2007-09-21,15.91259,21.8,15.20
2007-09-22,15.696,21.7,15.05
2007-09-23,15.48454,21.6,14.89
2007-09-24,15.27871,21.4,14.73
2007-09-25,15.079,21.3,14.58
2007-09-26,14.88594,21.2,14.42
2007-09-27,14.7,21,14.26
2007-09-28,14.51642,20.9,14.10
2007-09-29,14.33029,20.7,13.94
2007-09-30,14.1419,20.6,13.78
2007-10-01,13.95156,20.4,13.61
2007-10-02,13.75955,20.3,13.45
2007-10-03,13.56618,20.1,13.29
2007-10-04,13.37174,19.9,13.13
2007-10-05,13.17652,19.8,12.96
2007-10-06,12.98084,19.6,12.80
2007-10-07,12.78498,19.5,12.64
2007-10-08,12.58923,19.3,12.47
2007-10-09,12.39391,19.1,12.31
2007-10-10,12.1993,18.9,12.14
2007-10-11,12.0057,18.8,11.98
2007-10-12,11.81341,18.6,11.81
2007-10-13,11.62273,18.4,11.65
2007-10-14,11.43395,18.2,11.49
2007-10-15,11.24737,18,11.32
2007-10-16,11.06329,17.9,11.16
2007-10-17,10.882,17.7,11.00
2007-10-18,10.7038,17.5,10.83
2007-10-19,10.52899,17.3,10.67
2007-10-20,10.35787,17.1,10.51
2007-10-21,10.19073,16.9,10.35
2007-10-22,10.02787,16.7,10.19
2007-10-23,9.86958,16.5,10.02
2007-10-24,9.71617,16.3,9.86
2007-10-25,9.56793,16.1,9.71
2007-10-26,9.42516,16,9.55
2007-10-27,9.28816,15.8,9.39
2007-10-28,9.15721,15.6,9.23
2007-10-29,9.03263,15.4,9.08
2007-10-30,8.9147,15.2,8.92
2007-10-31,8.80372,15,8.77
2007-11-01,8.7,14.8,8.61
2007-11-02,8.60973,14.5,8.46
2007-11-03,8.5332,14.3,8.31
2007-11-04,8.46181,14.1,8.16
2007-11-05,8.38694,13.9,8.01
2007-11-06,8.3,13.7,7.86
2007-11-07,8.20071,13.5,7.72
2007-11-08,8.09473,13.3,7.57
2007-11-09,7.9824,13.1,7.43
2007-11-10,7.86404,12.9,7.28
2007-11-11,7.73996,12.7,7.14
2007-11-12,7.6105,12.5,7.00
2007-11-13,7.47597,12.3,6.86
2007-11-14,7.33671,12.1,6.73
2007-11-15,7.19303,11.9,6.59
2007-11-16,7.04526,11.7,6.46
2007-11-17,6.89373,11.5,6.33
2007-11-18,6.73875,11.3,6.20
2007-11-19,6.58066,11.1,6.07
2007-11-20,6.41976,10.9,5.94
2007-11-21,6.2564,10.7,5.82
2007-11-22,6.09089,10.5,5.69
2007-11-23,5.92356,10.2,5.57
2007-11-24,5.75473,10,5.45
2007-11-25,5.58472,9.84,5.34
2007-11-26,5.41387,9.64,5.22
2007-11-27,5.24248,9.44,5.11
2007-11-28,5.07089,9.25,5.00
2007-11-29,4.89942,9.05,4.89
2007-11-30,4.7284,8.85,4.78
2007-12-01,4.55814,8.65,4.68
2007-12-02,4.38897,8.46,4.57
2007-12-03,4.22123,8.27,4.47
2007-12-04,4.05522,8.07,4.38
2007-12-05,3.89127,7.88,4.28
2007-12-06,3.72971,7.69,4.19
2007-12-07,3.57087,7.51,4.10
2007-12-08,3.41506,7.32,4.01
2007-12-09,3.26261,7.13,3.92
2007-12-10,3.11384,6.95,3.84
2007-12-11,2.96908,6.77,3.76
2007-12-12,2.82865,6.59,3.68
2007-12-13,2.69287,6.41,3.60
2007-12-14,2.56208,6.23,3.53
2007-12-15,2.43658,6.06,3.45
2007-12-16,2.31672,5.89,3.38
2007-12-17,2.2028,5.72,3.32
2007-12-18,2.09516,5.55,3.25
2007-12-19,1.99412,5.38,3.19
2007-12-20,1.9,5.22,3.13
2007-12-21,1.80813,5.05,3.08
2007-12-22,1.71411,4.89,3.03
2007-12-23,1.61868,4.73,2.97
2007-12-24,1.52259,4.58,2.93
2007-12-25,1.42658,4.42,2.88
2007-12-26,1.33138,4.27,2.84
2007-12-27,1.23775,4.12,2.80
2007-12-28,1.14641,3.98,2.76
2007-12-29,1.05813,3.83,2.73
2007-12-30,0.97362,3.69,2.70
2007-12-31,0.89365,3.55,2.67
2008-01-01,0.81894,3.42,2.64
2008-01-02,0.75025,3.29,2.62
2008-01-03,0.68831,3.15,2.60
2008-01-04,0.63386,3.03,2.58
2008-01-05,0.58765,2.9,2.57
2008-01-06,0.55041,2.78,2.55
2008-01-07,0.5229,2.66,2.54
2008-01-08,0.50585,2.54,2.54
2008-01-09,0.5,2.43,2.53
2008-01-10,0.64605,2.32,2.53
2008-01-11,1.02764,2.21,2.54
2008-01-12,1.55995,2.11,2.54
2008-01-13,2.15816,2.01,2.55
2008-01-14,2.73746,1.91,2.56
2008-01-15,3.21301,1.81,2.57
2008-01-16,3.5,1.72,2.59
2008-01-17,3.64859,1.63,2.61
2008-01-18,3.76994,1.55,2.63
2008-01-19,3.87072,1.46,2.65
2008-01-20,3.95763,1.38,2.68
2008-01-21,4.03733,1.31,2.71
2008-01-22,4.11651,1.24,2.74
2008-01-23,4.20184,1.17,2.78
2008-01-24,4.3,1.1,2.82
2008-01-25,4.40789,1.04,2.86
2008-01-26,4.51792,0.98,2.90
2008-01-27,4.63004,0.92,2.95
2008-01-28,4.74423,0.87,3.00
2008-01-29,4.86043,0.82,3.05
2008-01-30,4.9786,0.78,3.11
2008-01-31,5.0987,0.73,3.16
2008-02-01,5.22069,0.69,3.22
2008-02-02,5.34453,0.66,3.29
2008-02-03,5.47017,0.63,3.35
2008-02-04,5.59758,0.6,3.42
2008-02-05,5.7267,0.58,3.49
2008-02-06,5.85751,0.55,3.56
2008-02-07,5.98994,0.54,3.64
2008-02-08,6.12398,0.52,3.71
2008-02-09,6.25956,0.51,3.79
2008-02-10,6.39666,0.5,3.88
2008-02-11,6.53522,0.5,3.96
2008-02-12,6.67521,0.5,4.05
2008-02-13,6.81658,0.5,4.14
2008-02-14,6.95929,0.51,4.23
2008-02-15,7.1033,0.52,4.33
2008-02-16,7.24857,0.54,4.42
2008-02-17,7.39506,0.55,4.52
2008-02-18,7.54272,0.58,4.62
2008-02-19,7.6915,0.6,4.73
2008-02-20,7.84138,0.63,4.83
2008-02-21,7.99231,0.66,4.94
2008-02-22,8.14424,0.69,5.05
2008-02-23,8.29713,0.73,5.16
2008-02-24,8.45094,0.78,5.28
2008-02-25,8.60563,0.82,5.39
2008-02-26,8.76116,0.87,5.51
2008-02-27,8.91748,0.92,5.63
2008-02-28,9.07456,0.98,5.75
2008-02-29,9.23234,1.04,5.88
2008-03-01,9.39079,1.1,6.00
2008-03-02,9.54987,1.17,6.13
2008-03-03,9.70953,1.24,6.26
2008-03-04,9.86974,1.31,6.39
2008-03-05,10.03044,1.38,6.52
2008-03-06,10.1916,1.46,6.66
2008-03-07,10.35318,1.55,6.79
2008-03-08,10.51513,1.63,6.93
2008-03-09,10.67741,1.72,7.07
2008-03-10,10.83998,1.81,7.21
2008-03-11,11.0028,1.91,7.35
2008-03-12,11.16582,2.01,7.50
2008-03-13,11.32901,2.11,7.64
2008-03-14,11.49232,2.21,7.79
2008-03-15,11.6557,2.32,7.93
2008-03-16,11.81913,2.43,8.08
2008-03-17,11.98254,2.54,8.23
2008-03-18,12.14592,2.66,8.38
2008-03-19,12.3092,2.78,8.53
2008-03-20,12.47235,2.9,8.69
2008-03-21,12.63532,3.03,8.84
2008-03-22,12.79808,3.15,9.00
2008-03-23,12.96058,3.29,9.15
2008-03-24,13.12278,3.42,9.31
2008-03-25,13.28464,3.55,9.47
2008-03-26,13.44612,3.69,9.62
2008-03-27,13.60717,3.83,9.78
2008-03-28,13.76775,3.98,9.94
2008-03-29,13.92782,4.12,10.10
2008-03-30,14.08734,4.27,10.26
2008-03-31,14.24627,4.42,10.43
2008-04-01,14.40455,4.58,10.59
2008-04-02,14.56216,4.73,10.75
2008-04-03,14.71905,4.89,10.91
2008-04-04,14.87517,5.05,11.08
2008-04-05,15.03049,5.22,11.24
2008-04-06,15.18497,5.38,11.40
2008-04-07,15.33855,5.55,11.57
2008-04-08,15.4912,5.72,11.73
2008-04-09,15.64288,5.89,11.89
2008-04-10,15.79355,6.06,12.06
2008-04-11,15.94315,6.23,12.22
2008-04-12,16.09166,6.41,12.39
2008-04-13,16.23903,6.59,12.55
2008-04-14,16.38521,6.77,12.72
2008-04-15,16.53016,6.95,12.88
2008-04-16,16.67385,7.13,13.04
2008-04-17,16.81623,7.32,13.21
2008-04-18,16.95726,7.51,13.37
2008-04-19,17.09689,7.69,13.53
2008-04-20,17.23508,7.88,13.69
2008-04-21,17.3718,8.07,13.85
2008-04-22,17.507,8.27,14.02
2008-04-23,17.64063,8.46,14.18
2008-04-24,17.77266,8.65,14.34
2008-04-25,17.90304,8.85,14.50
2008-04-26,18.03174,9.05,14.65
2008-04-27,18.1587,9.25,14.81
2008-04-28,18.28389,9.44,14.97
2008-04-29,18.40726,9.64,15.12
2008-04-30,18.52878,9.84,15.28
2008-05-01,18.6484,10,15.43
2008-05-02,18.76608,10.2,15.59
2008-05-03,18.88177,10.5,15.74
2008-05-04,18.99544,10.7,15.89
2008-05-05,19.10704,10.9,16.04
2008-05-06,19.21653,11.1,16.19
2008-05-07,19.32387,11.3,16.34
2008-05-08,19.42902,11.5,16.48
2008-05-09,19.53193,11.7,16.63
2008-05-10,19.63256,11.9,16.77
2008-05-11,19.73087,12.1,16.92
2008-05-12,19.82682,12.3,17.06
2008-05-13,19.92037,12.5,14.29
2008-05-14,20.01147,12.7,14.47
2008-05-15,20.10008,12.9,14.65
2008-05-16,20.18616,13.1,14.83
2008-05-17,20.26966,13.3,15.01
2008-05-18,20.35056,13.5,15.19
2008-05-19,20.42879,13.7,15.36
2008-05-20,20.50433,13.9,15.54
2008-05-21,20.57713,14.1,15.71
2008-05-22,20.64714,14.3,15.88
2008-05-23,20.71433,14.5,16.06
2008-05-24,20.77865,14.8,16.23
2008-05-25,20.84006,15,16.40
2008-05-26,20.89852,15.2,16.57
2008-05-27,20.95399,15.4,16.73
2008-05-28,21.00642,15.6,16.90
2008-05-29,21.05577,15.8,17.06
2008-05-30,21.10201,16,17.23
2008-05-31,21.14508,16.1,17.39
2008-06-01,21.18495,16.3,17.55
2008-06-02,21.22157,16.5,17.71
2008-06-03,21.2549,16.7,17.86
2008-06-04,21.28491,16.9,18.02
2008-06-05,21.31154,17.1,18.17
2008-06-06,21.33475,17.3,18.32
2008-06-07,21.35452,17.5,18.47
2008-06-08,21.37078,17.7,18.62
2008-06-09,21.3835,17.9,18.77
2008-06-10,21.39264,18,18.91
2008-06-11,21.39815,18.2,19.05
2008-06-12,21.4,18.4,19.19
2008-06-13,21.39977,18.6,19.33
2008-06-14,21.39907,18.8,19.47
2008-06-15,21.3979,18.9,19.60
2008-06-16,21.39626,19.1,19.73
2008-06-17,21.39415,19.3,19.86
2008-06-18,21.39158,19.5,19.99
2008-06-19,21.38853,19.6,20.11
2008-06-20,21.385,19.2,20.23
2008-06-21,21.38101,19.3,20.35
2008-06-22,21.37653,19.4,20.47
2008-06-23,21.37159,19.5,20.58
2008-06-24,21.36616,19.6,20.69
2008-06-25,21.36026,19.6,20.80
2008-06-26,21.35388,19.7,20.91
2008-06-27,21.34701,19.8,21.01
2008-06-28,21.33967,19.9,21.11
2008-06-29,21.33185,19.9,21.21
2008-06-30,21.32354,20,21.30
2008-07-01,21.31475,20.1,21.40
2008-07-02,21.30547,20.1,21.48
2008-07-03,21.29571,20.2,21.57
2008-07-04,21.28546,20.3,21.65
2008-07-05,21.27472,20.3,21.74
2008-07-06,21.2635,20.4,21.81
2008-07-07,21.25178,20.4,21.89
2008-07-08,21.23958,20.5,21.96
2008-07-09,21.22688,20.5,22.03
2008-07-10,21.21369,20.6,22.09
2008-07-11,21.2,20.6,22.16
2008-07-12,21.17917,20.7,22.22
2008-07-13,21.14639,20.7,22.27
2008-07-14,21.10442,20.7,22.32
2008-07-15,21.05604,20.8,22.37
2008-07-16,21.00399,20.8,22.42
2008-07-17,20.95106,20.8,22.47
2008-07-18,20.9,20.9,22.51
2008-07-19,20.85032,20.9,22.54
2008-07-20,20.79969,20.9,22.58
2008-07-21,20.74811,20.9,22.61
2008-07-22,20.6956,20.9,22.63
2008-07-23,20.64218,21,22.66
2008-07-24,20.58784,21,22.68
2008-07-25,20.5326,21,22.70
2008-07-26,20.47647,21,22.71
2008-07-27,20.41947,21,22.72
2008-07-28,20.36159,21,22.73
2008-07-29,20.30286,21,22.74
2008-07-30,20.24328,21,22.74
2008-07-31,20.18287,21,22.73
2008-08-01,20.12163,21,22.73
2008-08-02,20.05958,21,22.72
2008-08-03,19.99672,21,22.71
2008-08-04,19.93307,20.9,22.69
2008-08-05,19.86863,20.9,22.67
2008-08-06,19.80343,20.9,22.65
2008-08-07,19.73746,20.9,22.63
2008-08-08,19.67074,20.9,22.60
2008-08-09,19.60328,20.8,22.57
2008-08-10,19.53509,20.8,22.53
2008-08-11,19.46618,20.8,22.49
2008-08-12,19.39656,20.7,22.45
2008-08-13,19.32624,20.7,22.41
2008-08-14,19.25524,20.7,22.36
2008-08-15,19.18356,20.6,22.31
2008-08-16,19.11121,20.6,22.26
2008-08-17,19.03821,20.5,22.20
2008-08-18,18.96456,20.5,22.14
2008-08-19,18.89028,20.4,22.08
2008-08-20,18.81538,20.4,22.01
2008-08-21,18.73986,20.3,21.94
2008-08-22,18.66374,20.3,21.87
2008-08-23,18.58703,20.2,21.79
2008-08-24,18.50974,20.1,21.71
2008-08-25,18.43187,20.1,21.63
2008-08-26,18.35345,20,21.55
2008-08-27,18.27448,19.9,21.46
2008-08-28,18.19497,19.9,21.37
2008-08-29,18.11493,19.8,21.28
2008-08-30,18.03437,19.7,21.18
2008-08-31,17.9533,19.6,21.08
2008-09-01,17.87174,19.6,20.98
2008-09-02,17.7897,19.5,20.88
2008-09-03,17.70718,19.4,20.77
2008-09-04,17.62419,19.3,20.66
2008-09-05,17.54075,19.2,20.55
2008-09-06,17.45687,19.1,20.43
2008-09-07,17.37256,19,20.32
2008-09-08,17.28782,18.9,20.20
2008-09-09,17.20267,18.8,20.08
2008-09-10,17.11713,18.7,19.95
2008-09-11,17.03119,18.6,19.82
2008-09-12,16.94487,18.5,19.69
2008-09-13,16.85818,18.4,19.56
2008-09-14,16.77114,18.3,19.43
2008-09-15,16.68375,18.2,19.29
2008-09-16,16.59602,18.1,19.16
2008-09-17,16.50796,18,19.01
2008-09-18,16.41959,17.9,18.87
2008-09-19,16.33092,17.8,18.73
2008-09-20,16.24195,17.7,18.58
2008-09-21,16.15269,17.5,18.43
2008-09-22,16.06317,17.4,18.28
2008-09-23,15.97338,17.3,18.13
2008-09-24,15.88333,17.2,17.98
2008-09-25,15.79305,17.1,17.82
2008-09-26,15.70254,16.9,17.66
2008-09-27,15.6118,16.8,17.50
2008-09-28,15.52086,16.7,17.34
2008-09-29,15.42972,16.6,17.18
2008-09-30,15.33839,16.4,17.02
2008-10-01,15.24688,16.3,16.85
2008-10-02,15.1552,16.2,16.69
2008-10-03,15.06337,16,16.52
2008-10-04,14.97139,15.9,16.35
2008-10-05,14.87928,15.8,16.18
2008-10-06,14.78704,15.6,16.01
2008-10-07,14.69469,15.5,15.84
2008-10-08,14.60224,15.4,15.66
2008-10-09,14.50969,15.2,15.49
2008-10-10,14.41706,15.1,15.31
2008-10-11,14.32436,14.9,15.14
2008-10-12,14.2316,14.8,14.96
2008-10-13,14.13879,14.7,14.78
2008-10-14,14.04594,14.5,14.60
2008-10-15,13.95306,14.4,14.42
2008-10-16,13.86016,14.2,14.24
2008-10-17,13.76726,14.1,14.06
2008-10-18,13.67435,14,13.88
2008-10-19,13.58146,13.8,13.70
2008-10-20,13.4886,13.7,13.52
2008-10-21,13.39577,13.5,13.34
2008-10-22,13.30298,13.4,13.16
2008-10-23,13.21025,13.2,12.97
2008-10-24,13.11759,13.1,12.79
2008-10-25,13.02501,12.9,12.61
2008-10-26,12.93251,12.8,12.43
2008-10-27,12.84011,12.6,12.24
2008-10-28,12.74782,12.5,12.06
2008-10-29,12.65565,12.4,11.88
2008-10-30,12.56361,12.2,11.70
2008-10-31,12.47171,12.1,11.52
2008-11-01,12.37997,11.9,11.34
2008-11-02,12.28838,11.8,11.16
2008-11-03,12.19697,11.6,10.98
2008-11-04,12.10574,11.5,10.80
2008-11-05,12.01471,11.3,10.62
2008-11-06,11.92388,11.2,10.44
2008-11-07,11.83326,11,10.26
2008-11-08,11.74287,10.9,10.08
2008-11-09,11.65272,10.8,9.91
2008-11-10,11.56282,10.6,9.73
2008-11-11,11.47317,10.5,9.56
2008-11-12,11.38379,10.3,9.38
2008-11-13,11.29469,10.2,9.21
2008-11-14,11.20588,10.1,9.04
2008-11-15,11.11737,9.92,8.87
2008-11-16,11.02918,9.78,8.70
2008-11-17,10.9413,9.64,8.54
2008-11-18,10.85375,9.5,8.37
2008-11-19,10.76655,9.37,8.21
2008-11-20,10.6797,9.23,8.04
2008-11-21,10.59322,9.1,7.88
2008-11-22,10.50711,8.96,7.72
2008-11-23,10.42138,8.83,7.56
2008-11-24,10.33605,8.7,7.40
2008-11-25,10.25113,8.57,7.25
2008-11-26,10.16663,8.44,7.10
2008-11-27,10.08255,8.31,6.94
2008-11-28,9.99891,8.19,6.79
2008-11-29,9.91572,8.06,6.65
2008-11-30,9.83299,7.94,6.50
2008-12-01,9.75073,7.82,6.36
2008-12-02,9.66895,7.69,6.21
2008-12-03,9.58766,7.57,6.08
2008-12-04,9.50687,7.46,5.94
2008-12-05,9.4266,7.34,5.80
2008-12-06,9.34685,7.22,5.67
2008-12-07,9.26763,7.11,5.54
2008-12-08,9.18896,7,5.41
2008-12-09,9.11084,6.89,5.28
2008-12-10,9.03329,6.78,5.16
2008-12-11,8.95632,6.67,5.04
2008-12-12,8.87993,6.57,4.92
2008-12-13,8.80414,6.46,4.80
2008-12-14,8.72896,6.36,4.69
2008-12-15,8.6544,6.26,4.58
2008-12-16,8.58046,6.16,4.47
2008-12-17,8.50717,6.07,4.36
2008-12-18,8.43453,5.97,4.26
2008-12-19,8.36255,5.88,4.16
2008-12-20,8.29124,5.79,4.06
2008-12-21,8.22061,5.7,3.97
2008-12-22,8.15068,5.61,3.87
2008-12-23,8.08145,5.53,3.78
2008-12-24,8.01293,5.45,3.70
2008-12-25,7.94514,5.37,3.61
2008-12-26,7.87809,5.29,3.53
2008-12-27,7.81178,5.21,3.46
2008-12-28,7.74623,5.14,3.38
2008-12-29,7.68145,5.07,3.31
2008-12-30,7.61744,5,3.24
2008-12-31,7.55422,4.93,3.17
2009-01-01,7.49181,4.86,3.11
2009-01-02,7.4302,4.8,3.05
2009-01-03,7.36941,4.74,3.00
2009-01-04,7.30946,4.68,2.94
2009-01-05,7.25034,4.63,2.89
2009-01-06,7.19208,4.57,2.85
2009-01-07,7.13469,4.52,2.80
2009-01-08,7.07816,4.47,2.76
2009-01-09,7.02252,4.43,2.73
2009-01-10,6.96778,4.38,2.69
2009-01-11,6.91394,4.34,2.66
2009-01-12,6.86102,4.3,2.63
2009-01-13,6.80902,4.26,2.61
2009-01-14,6.75796,4.23,2.59
2009-01-15,6.70785,4.19,2.57
2009-01-16,6.6587,4.17,2.56
2009-01-17,6.61052,4.14,2.55
2009-01-18,6.56332,4.11,2.54
2009-01-19,6.51711,4.09,2.53
2009-01-20,6.47189,4.07,2.53
2009-01-21,6.4277,4.05,2.53
2009-01-22,6.38452,4.04,2.54
2009-01-23,6.34238,4.03,2.55
2009-01-24,6.30128,4.02,2.56
2009-01-25,6.26123,4.01,2.57
2009-01-26,6.22225,4,2.59
2009-01-27,6.18435,4,2.62
2009-01-28,6.14753,4,2.64
2009-01-29,6.11181,4,2.67
2009-01-30,6.07719,4.01,2.70
2009-01-31,6.0437,4.02,2.73
2009-02-01,6.01133,4.03,2.77
2009-02-02,5.9801,4.04,2.81
2009-02-03,5.95002,4.05,2.86
2009-02-04,5.9211,4.07,2.91
2009-02-05,5.89335,4.09,2.96
2009-02-06,5.86679,4.11,3.01
2009-02-07,5.84142,4.14,3.07
2009-02-08,5.81725,4.17,3.13
2009-02-09,5.79429,4.19,3.19
2009-02-10,5.77256,4.23,3.26
2009-02-11,5.75206,4.26,3.33
2009-02-12,5.73281,4.3,3.40
2009-02-13,5.71481,4.34,3.48
2009-02-14,5.69808,4.38,3.55
2009-02-15,5.68263,4.43,3.64
2009-02-16,5.66847,4.47,3.72
2009-02-17,5.6556,4.52,3.81
2009-02-18,5.64405,4.57,3.90
2009-02-19,5.63381,4.63,3.99
2009-02-20,5.6249,4.68,4.09
2009-02-21,5.61734,4.74,4.18
2009-02-22,5.61112,4.8,4.29
2009-02-23,5.60627,4.86,4.39
2009-02-24,5.6028,4.93,4.50
2009-02-25,5.6007,5,4.61
2009-02-26,5.6,5.07,4.72
2009-02-27,5.61616,5.14,4.83
2009-02-28,5.65931,5.21,4.95
2009-03-01,5.72145,5.29,5.07
2009-03-02,5.79459,5.37,5.19
2009-03-03,5.87072,5.45,5.32
2009-03-04,5.94186,5.53,5.44
2009-03-05,6,5.61,5.57
2009-03-06,6.0526,5.7,5.70
2009-03-07,6.10945,5.79,5.84
2009-03-08,6.16606,5.88,5.97
2009-03-09,6.21791,5.97,6.11
2009-03-10,6.26052,6.07,6.25
2009-03-11,6.28938,6.16,6.39
2009-03-12,6.3,6.26,6.54
2009-03-13,6.15926,6.36,6.69
2009-03-14,5.80741,6.46,6.83
2009-03-15,5.35,6.57,6.98
2009-03-16,4.89259,6.67,7.14
2009-03-17,4.54074,6.78,7.29
2009-03-18,4.4,6.89,7.45
2009-03-19,4.4623,7,7.60
2009-03-20,4.63235,7.11,7.76
2009-03-21,4.88487,7.22,7.92
2009-03-22,5.19459,7.34,8.09
2009-03-23,5.53624,7.46,8.25
2009-03-24,5.88454,7.57,8.41
2009-03-25,6.21422,7.69,8.58
2009-03-26,6.5,7.82,8.75
2009-03-27,6.73429,7.94,8.92
2009-03-28,6.9527,8.06,9.09
2009-03-29,7.19476,8.19,9.26
2009-03-30,7.5,8.31,9.43
2009-03-31,7.98157,8.44,9.60
2009-04-01,8.6761,8.57,9.78
2009-04-02,9.50832,8.7,9.95
2009-04-03,10.40294,8.83,10.13
2009-04-04,11.2847,8.96,10.31
2009-04-05,12.07831,9.1,10.49
2009-04-06,12.7085,9.23,10.66
2009-04-07,13.1,9.37,10.84
2009-04-08,13.32944,9.5,11.02
2009-04-09,13.52679,9.64,11.20
2009-04-10,13.69673,9.78,11.38
2009-04-11,13.84398,9.92,11.57
2009-04-12,13.97323,10.1,11.75
2009-04-13,14.08918,10.2,11.93
2009-04-14,14.19654,10.3,12.11
2009-04-15,14.3,10.5,12.29
2009-04-16,14.39611,10.6,12.48
2009-04-17,14.48035,10.8,12.66
2009-04-18,14.55586,10.9,12.84
2009-04-19,14.62574,11,13.02
2009-04-20,14.69312,11.2,13.20
2009-04-21,14.76111,11.3,13.39
2009-04-22,14.83284,11.5,13.57
2009-04-23,14.91143,11.6,13.75
2009-04-24,15,11.8,13.93
2009-04-25,15.09478,11.9,14.11
2009-04-26,15.19271,12.1,14.29
2009-04-27,15.29801,12.2,14.47
2009-04-28,15.41486,12.4,14.65
2009-04-29,15.54746,12.5,14.83
2009-04-30,15.7,12.6,15.01
2009-05-01,15.9255,12.8,15.18
2009-05-02,16.24471,12.9,15.36
2009-05-03,16.61345,13.1,15.53
2009-05-04,16.98753,13.2,15.71
2009-05-05,17.32278,13.4,15.88
2009-05-06,17.57499,13.5,16.05
2009-05-07,17.7,13.7,16.23
2009-05-08,17.74482,13.8,16.40
2009-05-09,17.78595,14,16.56
2009-05-10,17.82341,14.1,16.73
2009-05-11,17.85721,14.2,16.90
2009-05-12,17.88738,14.4,17.06
2009-05-13,17.91392,14.5,17.23
2009-05-14,17.93687,14.7,17.39
2009-05-15,17.95624,14.8,15.83
2009-05-16,17.97204,14.9,15.98
2009-05-17,17.9843,15.1,16.12
2009-05-18,17.99303,15.2,16.27
2009-05-19,17.99826,15.4,16.42
2009-05-20,18,15.5,16.56
2009-05-21,17.98711,15.6,16.71
2009-05-22,17.95313,15.8,16.85
2009-05-23,17.90508,15.9,16.99
2009-05-24,17.85,16,17.14
2009-05-25,17.79492,16.2,17.28
2009-05-26,17.74687,16.3,17.41
2009-05-27,17.71289,16.4,17.55
2009-05-28,17.7,16.6,17.69
2009-05-29,17.74444,16.7,17.82
2009-05-30,17.85556,16.8,17.96
2009-05-31,18,16.9,18.09
2009-06-01,18.14444,17.1,18.22
2009-06-02,18.25556,17.2,18.35
2009-06-03,18.3,17.3,18.48
2009-06-04,18.25273,17.4,18.60
2009-06-05,18.12813,17.5,18.73
2009-06-06,17.95195,17.7,18.85
2009-06-07,17.75,17.8,18.97
2009-06-08,17.54805,17.9,19.09
2009-06-09,17.37187,18,19.21
2009-06-10,17.24727,18.1,19.32
2009-06-11,17.2,18.2,19.44
2009-06-12,17.21373,18.3,19.55
2009-06-13,17.25441,18.4,19.66
2009-06-14,17.32132,18.5,19.77
2009-06-15,17.41371,18.6,19.87
2009-06-16,17.53084,18.7,19.98
2009-06-17,17.67196,18.8,20.08
2009-06-18,17.83635,18.9,20.18
2009-06-19,18.02326,19,20.28
2009-06-20,18.23195,19.1,20.38
2009-06-21,18.46167,19.2,20.47
2009-06-22,18.7117,19.3,20.56
2009-06-23,18.98129,19.4,20.65
2009-06-24,19.26969,19.5,20.74
2009-06-25,19.57618,19.6,20.83
2009-06-26,19.9,19.6,20.91
2009-06-27,20.52632,19.7,20.99
2009-06-28,21.60696,19.8,21.07
2009-06-29,22.94121,19.9,21.15
2009-06-30,24.32836,19.9,21.22
2009-07-01,25.56768,20,21.30
2009-07-02,26.45847,20.1,21.37
2009-07-03,26.8,20.1,21.43
2009-07-04,26.2176,20.2,21.50
2009-07-05,24.8288,20.3,21.56
2009-07-06,23.1712,20.3,21.62
2009-07-07,21.7824,20.4,21.68
2009-07-08,21.2,20.4,21.74
2009-07-09,21.22039,20.5,21.79
2009-07-10,21.27775,20.5,21.84
2009-07-11,21.3664,20.6,21.89
2009-07-12,21.48065,20.6,21.93
2009-07-13,21.61481,20.7,21.98
2009-07-14,21.7632,20.7,22.02
2009-07-15,21.92012,20.7,22.05
2009-07-16,22.07988,20.8,22.09
2009-07-17,22.2368,20.8,22.12
2009-07-18,22.38519,21.1,22.15
2009-07-19,22.51935,21.1,22.18
2009-07-20,22.6336,21.2,22.21
2009-07-21,22.72225,21.3,22.23
2009-07-22,22.77961,21.4,22.25
2009-07-23,22.8,21.4,22.27
2009-07-24,22.79964,21.5,22.28
2009-07-25,22.79855,21.6,22.29
2009-07-26,22.79669,21.6,22.30
2009-07-27,22.79406,21.7,22.31
2009-07-28,22.79062,21.8,22.31
2009-07-29,22.78636,21.8,22.31
2009-07-30,22.78125,21.9,22.31
2009-07-31,22.77526,21.9,22.31
2009-08-01,22.76838,21.9,22.30
2009-08-02,22.76058,22,22.29
2009-08-03,22.75184,22,22.28
2009-08-04,22.74214,22.1,22.27
2009-08-05,22.73144,22.1,22.25
2009-08-06,22.71974,22.1,22.23
2009-08-07,22.70701,22.1,22.21
2009-08-08,22.69321,22.2,22.19
2009-08-09,22.67834,22.2,22.16
2009-08-10,22.66237,22.2,22.13
2009-08-11,22.64527,22.2,22.10
2009-08-12,22.62703,22.2,22.06
2009-08-13,22.60761,22.2,22.03
2009-08-14,22.587,22.2,21.99
2009-08-15,22.56518,22.2,21.94
2009-08-16,22.54211,22.2,21.90
2009-08-17,22.51778,22.2,21.85
2009-08-18,22.49217,22.2,21.80
2009-08-19,22.46524,22.2,21.75
2009-08-20,22.43699,22.1,21.69
2009-08-21,22.40738,22.1,21.64
2009-08-22,22.37639,22.1,21.58
2009-08-23,22.34401,22.1,21.52
2009-08-24,22.3102,22,21.45
2009-08-25,22.27494,22,21.38
2009-08-26,22.23822,21.9,21.31
2009-08-27,22.2,21.9,21.24
2009-08-28,22.12119,21.9,21.17
2009-08-29,21.97532,21.8,21.09
2009-08-30,21.78133,21.8,21.01
2009-08-31,21.55816,21.7,20.93
2009-09-01,21.32473,21.6,20.85
2009-09-02,21.1,21.6,20.77
2009-09-03,20.8601,21.5,20.68
2009-09-04,20.57985,21.4,20.59
2009-09-05,20.27619,21.4,20.50
2009-09-06,19.96608,21.3,20.40
2009-09-07,19.66646,21.2,20.31
2009-09-08,19.39427,21.1,20.21
2009-09-09,19.16647,21.1,20.11
2009-09-10,19,21,20.01
2009-09-11,18.87144,20.9,19.90
2009-09-12,18.74604,20.8,19.80
2009-09-13,18.62375,20.7,19.69
2009-09-14,18.50452,20.6,19.58
2009-09-15,18.3883,20.5,19.47
2009-09-16,18.27504,20.4,19.35
2009-09-17,18.16469,20.3,19.24
2009-09-18,18.0572,20.2,19.12
2009-09-19,17.95252,20.1,19.00
2009-09-20,17.85061,20,18.88
2009-09-21,17.7514,19.8,18.76
2009-09-22,17.65486,19.7,18.63
2009-09-23,17.56093,19.6,18.51
2009-09-24,17.46957,19.5,18.38
2009-09-25,17.38071,19.3,18.25
2009-09-26,17.29432,19.2,18.12
2009-09-27,17.21035,19.1,17.99
2009-09-28,17.12874,19,17.86
2009-09-29,17.04944,18.8,17.72
2009-09-30,16.9724,18.7,17.59
2009-10-01,16.89758,18.5,17.45
2009-10-02,16.82493,18.4,17.31
2009-10-03,16.75439,18.2,17.17
2009-10-04,16.68592,18.1,17.03
2009-10-05,16.61946,18,16.89
2009-10-06,16.55497,17.8,16.75
2009-10-07,16.4924,17.6,16.60
2009-10-08,16.43169,17.5,16.46
2009-10-09,16.3728,17.3,16.31
2009-10-10,16.31567,17.2,16.16
2009-10-11,16.26027,17,16.01
2009-10-12,16.20653,16.8,15.87
2009-10-13,16.15441,16.7,15.72
2009-10-14,16.10386,16.5,15.56
2009-10-15,16.05483,16.3,15.41
2009-10-16,16.00726,16.2,15.26
2009-10-17,15.96112,16,15.11
2009-10-18,15.91635,15.8,14.95
2009-10-19,15.87289,15.7,14.80
2009-10-20,15.83071,15.5,14.65
2009-10-21,15.78974,15.3,14.49
2009-10-22,15.74995,15.1,14.33
2009-10-23,15.71128,15,14.18
2009-10-24,15.67368,14.8,14.02
2009-10-25,15.6371,14.6,13.86
2009-10-26,15.60149,14.4,13.71
2009-10-27,15.5668,14.2,13.55
2009-10-28,15.53299,14,13.39
2009-10-29,15.5,13.9,13.23
2009-10-30,15.47256,13.7,13.08
2009-10-31,15.45108,13.5,12.92
2009-11-01,15.42906,13.3,12.76
2009-11-02,15.4,13.1,12.60
2009-11-03,15.36231,12.9,12.44
2009-11-04,15.31881,12.7,12.29
2009-11-05,15.26963,12.5,12.13
2009-11-06,15.21486,12.3,11.97
2009-11-07,15.15462,12.2,11.81
2009-11-08,15.08902,12,11.66
2009-11-09,15.01817,11.8,11.50
2009-11-10,14.94218,11.6,11.34
2009-11-11,14.86115,11.4,11.19
2009-11-12,14.7752,11.2,11.03
2009-11-13,14.68445,11,10.88
2009-11-14,14.58899,10.8,10.72
2009-11-15,14.48894,10.6,10.57
2009-11-16,14.3844,10.4,10.41
2009-11-17,14.2755,10.2,10.26
2009-11-18,14.16234,10,10.11
2009-11-19,14.04503,9.85,9.96
2009-11-20,13.92367,9.66,9.81
2009-11-21,13.79839,9.47,9.66
2009-11-22,13.66928,9.28,9.51
2009-11-23,13.53647,9.09,9.36
2009-11-24,13.40005,8.9,9.21
2009-11-25,13.26014,8.71,9.06
2009-11-26,13.11686,8.52,8.92
2009-11-27,12.9703,8.33,8.78
2009-11-28,12.82058,8.15,8.63
2009-11-29,12.66782,7.96,8.49
2009-11-30,12.51211,7.78,8.35
2009-12-01,12.35357,7.59,8.21
2009-12-02,12.19232,7.41,8.07
2009-12-03,12.02845,7.23,7.94
2009-12-04,11.86209,7.05,7.80
2009-12-05,11.69333,6.87,7.67
2009-12-06,11.5223,6.69,7.53
2009-12-07,11.34909,6.51,7.40
2009-12-08,11.17383,6.34,7.27
2009-12-09,10.99662,6.17,7.14
2009-12-10,10.81757,5.99,7.02
2009-12-11,10.63679,5.82,6.89
2009-12-12,10.45439,5.65,6.77
2009-12-13,10.27048,5.48,6.64
2009-12-14,10.08518,5.32,6.52
2009-12-15,9.89858,5.15,6.41
2009-12-16,9.71081,4.99,6.29
2009-12-17,9.52197,4.83,6.17
2009-12-18,9.33217,4.67,6.06
2009-12-19,9.14152,4.51,5.95
2009-12-20,8.95013,4.35,5.84
2009-12-21,8.75812,4.2,5.73
2009-12-22,8.56559,4.05,5.63
2009-12-23,8.37265,3.9,5.52
2009-12-24,8.17941,3.75,5.42
2009-12-25,7.98598,3.61,5.32
2009-12-26,7.79248,3.46,5.22
2009-12-27,7.59901,3.32,5.13
2009-12-28,7.40568,3.18,5.03
2009-12-29,7.2126,3.05,4.94
2009-12-30,7.01988,2.91,4.85
2009-12-31,6.82764,2.78,4.76
2010-01-01,6.63598,2.65,4.68
2010-01-02,6.44502,2.52,4.60
2010-01-03,6.25486,2.4,4.52
2010-01-04,6.06561,2.28,4.44
2010-01-05,5.87738,2.16,4.36
2010-01-06,5.69028,2.04,4.29
2010-01-07,5.50443,1.93,4.22
2010-01-08,5.31994,1.82,4.15
2010-01-09,5.1369,1.71,4.08
2010-01-10,4.95544,1.6,4.02
2010-01-11,4.77567,1.5,3.96
2010-01-12,4.59768,1.4,3.90
2010-01-13,4.4216,1.3,3.84
2010-01-14,4.24754,1.21,3.79
2010-01-15,4.0756,1.11,3.73
2010-01-16,3.90589,1.03,3.68
2010-01-17,3.73853,0.94,3.64
2010-01-18,3.57362,0.86,3.59
2010-01-19,3.41127,0.78,3.55
2010-01-20,3.2516,0.7,3.51
2010-01-21,3.09472,0.63,3.47
2010-01-22,2.94072,0.55,3.44
2010-01-23,2.78974,0.49,3.41
2010-01-24,2.64186,0.42,3.38
2010-01-25,2.49722,0.36,3.35
2010-01-26,2.3559,0.3,3.33
2010-01-27,2.21803,0.25,3.31
2010-01-28,2.08372,0.19,3.29
2010-01-29,1.95307,0.15,3.27
2010-01-30,1.8262,0.1,3.26
2010-01-31,1.70321,0.06,3.25
2010-02-01,1.58422,0.02,3.24
2010-02-02,1.46933,-0.02,3.23
2010-02-03,1.35866,-0.05,3.23
2010-02-04,1.25231,-0.08,3.23
2010-02-05,1.1504,-0.11,3.23
2010-02-06,1.05304,-0.13,3.24
2010-02-07,0.96033,-0.15,3.24
2010-02-08,0.87239,-0.17,3.25
2010-02-09,0.78932,-0.18,3.26
2010-02-10,0.71124,-0.19,3.28
2010-02-11,0.63825,-0.2,3.30
2010-02-12,0.57047,-0.2,3.32
2010-02-13,0.50801,-0.2,3.34
2010-02-14,0.45098,-0.2,3.37
2010-02-15,0.39948,-0.19,3.39
2010-02-16,0.35362,-0.18,3.43
2010-02-17,0.31353,-0.17,3.46
2010-02-18,0.2793,-0.15,3.49
2010-02-19,0.25104,-0.13,3.53
2010-02-20,0.22888,-0.11,3.57
2010-02-21,0.21291,-0.08,3.62
2010-02-22,0.20325,-0.05,3.66
2010-02-23,0.2,-0.02,3.71
2010-02-24,0.20539,0.02,3.76
2010-02-25,0.22138,0.06,3.82
2010-02-26,0.24771,0.1,3.87
2010-02-27,0.28412,0.15,3.93
2010-02-28,0.33034,0.19,3.99
2010-03-01,0.38612,0.25,4.05
2010-03-02,0.4512,0.3,4.12
2010-03-03,0.52531,0.36,4.19
2010-03-04,0.60819,0.42,4.26
2010-03-05,0.69959,0.49,4.33
2010-03-06,0.79923,0.55,4.40
2010-03-07,0.90686,0.63,4.48
2010-03-08,1.02222,0.7,4.56
2010-03-09,1.14504,0.78,4.64
2010-03-10,1.27507,0.86,4.73
2010-03-11,1.41204,0.94,4.81
2010-03-12,1.55569,1.03,4.90
2010-03-13,1.70576,1.11,4.99
2010-03-14,1.86199,1.21,5.08
2010-03-15,2.02412,1.3,5.18
2010-03-16,2.19189,1.4,5.28
2010-03-17,2.36503,1.5,5.37
2010-03-18,2.54328,1.6,5.48
2010-03-19,2.72638,1.71,5.58
2010-03-20,2.91408,1.82,5.68
2010-03-21,3.1061,1.93,5.79
2010-03-22,3.3022,2.04,5.90
2010-03-23,3.5021,2.16,6.01
2010-03-24,3.70554,2.28,6.12
2010-03-25,3.91227,2.4,6.24
2010-03-26,4.12202,2.52,6.35
2010-03-27,4.33454,2.65,6.47
2010-03-28,4.54955,2.78,6.59
2010-03-29,4.7668,2.91,6.71
2010-03-30,4.98603,3.05,6.83
2010-03-31,5.20698,3.18,6.96
2010-04-01,5.42938,3.32,7.09
2010-04-02,5.65297,3.46,7.21
2010-04-03,5.8775,3.61,7.34
2010-04-04,6.10269,3.75,7.47
2010-04-05,6.3283,3.9,7.61
2010-04-06,6.55405,4.05,7.74
2010-04-07,6.77969,4.2,7.87
2010-04-08,7.00496,4.35,8.01
2010-04-09,7.22959,4.51,8.15
2010-04-10,7.45332,4.67,8.29
2010-04-11,7.6759,4.83,8.43
2010-04-12,7.89705,4.99,8.57
2010-04-13,8.11652,5.15,8.71
2010-04-14,8.33405,5.32,8.85
2010-04-15,8.54938,5.48,9.00
2010-04-16,8.76224,5.65,9.15
2010-04-17,8.97237,5.82,9.29
2010-04-18,9.17952,5.99,9.44
2010-04-19,9.38342,6.17,9.59
2010-04-20,9.5838,6.34,9.74
2010-04-21,9.78042,6.51,9.89
2010-04-22,9.973,6.69,10.04
2010-04-23,10.16128,6.87,10.19
2010-04-24,10.34501,7.05,10.34
2010-04-25,10.52393,7.23,10.50
2010-04-26,10.69776,7.41,10.65
2010-04-27,10.86626,7.59,10.81
2010-04-28,11.02915,7.78,10.96
2010-04-29,11.18618,7.96,11.12
2010-04-30,11.33708,8.15,11.27
2010-05-01,11.4816,8.33,11.43
2010-05-02,11.61948,8.52,11.59
2010-05-03,11.75044,8.71,11.74
2010-05-04,11.87424,8.9,11.90
2010-05-05,11.99061,9.09,12.06
2010-05-06,12.09928,9.28,12.21
2010-05-07,12.2,9.47,12.37
2010-05-08,12.28937,9.66,12.53
2010-05-09,12.3661,9.85,12.69
2010-05-10,12.43306,10,12.85
2010-05-11,12.49313,10.2,13.01
2010-05-12,12.54922,10.4,13.16
2010-05-13,12.60419,10.6,13.32
2010-05-14,12.66092,10.8,13.48
2010-05-15,12.72232,11,13.64
2010-05-16,12.79124,11.2,13.79
2010-05-17,12.87059,11.4,13.95
2010-05-18,12.96325,11.6,14.11
2010-05-19,13.07209,11.8,14.26
2010-05-20,13.2,12,14.42
2010-05-21,13.45679,12.2,14.58
2010-05-22,13.89634,12.3,14.73
2010-05-23,14.43762,12.5,14.89
2010-05-24,14.99965,12.7,15.04
2010-05-25,15.50139,12.9,15.19
2010-05-26,15.86185,13.1,15.35
2010-05-27,16,13.3,15.50
2010-05-28,15.9037,13.5,15.65
2010-05-29,15.66296,13.7,15.80
2010-05-30,15.35,13.9,15.95
2010-05-31,15.03704,14,16.10
2010-06-01,14.7963,14.2,16.24
2010-06-02,14.7,14.4,16.39
2010-06-03,15.10964,14.6,16.54
2010-06-04,16.1375,14.8,16.68
2010-06-05,17.48203,15,16.83
2010-06-06,18.84167,15.1,16.97
2010-06-07,19.91485,15.3,17.11
2010-06-08,20.4,15.5,17.25
2010-06-09,20.48946,15.7,17.39
2010-06-10,20.57663,15.8,17.53
2010-06-11,20.66154,16,17.66
2010-06-12,20.7442,16.2,17.80
2010-06-13,20.82466,16.3,17.93
2010-06-14,20.90293,16.5,18.06
2010-06-15,20.97906,16.7,18.19
2010-06-16,21.05306,16.8,18.32
2010-06-17,21.12497,17,18.45
2010-06-18,21.19481,17.2,18.58
2010-06-19,21.26262,17.3,18.70
2010-06-20,21.32842,17.5,18.83
2010-06-21,21.39225,20.8,18.95
2010-06-22,21.45412,21,19.07
2010-06-23,21.51407,21.1,19.19
2010-06-24,21.57213,21.2,19.30
2010-06-25,21.62833,21.3,19.42
2010-06-26,21.68269,21.4,19.53
2010-06-27,21.73525,21.5,19.64
2010-06-28,21.78603,21.7,19.75
2010-06-29,21.83506,21.8,19.85
2010-06-30,21.88238,21.9,19.96
2010-07-01,21.928,22,20.06
2010-07-02,21.97197,22,20.16
2010-07-03,22.0143,22.1,20.26
2010-07-04,22.05502,22.2,20.36
2010-07-05,22.09418,22.3,20.45
2010-07-06,22.13178,22.4,20.55
2010-07-07,22.16787,22.5,20.64
2010-07-08,22.20247,22.5,20.73
2010-07-09,22.23561,22.6,20.81
2010-07-10,22.26732,22.7,20.90
2010-07-11,22.29763,22.7,20.98
2010-07-12,22.32657,22.8,21.06
2010-07-13,22.35416,22.8,21.14
2010-07-14,22.38044,22.9,21.21
2010-07-15,22.40542,22.9,21.28
2010-07-16,22.42916,23,21.35
2010-07-17,22.45166,23,21.42
2010-07-18,22.47296,23.1,21.49
2010-07-19,22.49309,23.1,21.55
2010-07-20,22.51208,23.1,21.61
2010-07-21,22.52996,23.1,21.67
2010-07-22,22.54675,23.2,21.73
2010-07-23,22.56248,23.2,21.78
2010-07-24,22.57719,23.2,21.83
2010-07-25,22.59089,23.2,21.88
2010-07-26,22.60363,23.2,21.92
2010-07-27,22.61543,23.2,21.97
2010-07-28,22.62632,23.2,22.01
2010-07-29,22.63632,23.2,22.05
2010-07-30,22.64547,23.2,22.08
2010-07-31,22.65379,23.2,22.12
2010-08-01,22.66132,23.1,22.15
2010-08-02,22.66808,23.1,22.18
2010-08-03,22.6741,23.1,22.20
2010-08-04,22.67941,23.1,22.22
2010-08-05,22.68404,23,22.24
2010-08-06,22.68802,23,22.26
2010-08-07,22.69137,22.9,22.28
2010-08-08,22.69413,22.9,22.29
2010-08-09,22.69632,22.8,22.30
2010-08-10,22.69797,22.8,22.31
2010-08-11,22.69912,22.7,22.31
2010-08-12,22.69978,22.7,22.31
2010-08-13,22.7,22.6,22.31
2010-08-14,22.61866,22.5,22.31
2010-08-15,22.3988,22.5,22.30
2010-08-16,22.07666,22.4,22.30
2010-08-17,21.68847,22.3,22.29
2010-08-18,21.27047,22.2,22.27
2010-08-19,20.85891,22.1,22.26
2010-08-20,20.49,22,22.24
2010-08-21,20.2,22,22.22
2010-08-22,19.96729,21.9,22.19
2010-08-23,19.74568,21.8,22.17
2010-08-24,19.53458,21.7,22.14
2010-08-25,19.33338,21.5,22.10
2010-08-26,19.14146,21.4,22.07
2010-08-27,18.95823,21.3,22.03
2010-08-28,18.78308,21.2,21.99
2010-08-29,18.61539,21.1,21.95
2010-08-30,18.45457,21,21.91
2010-08-31,18.3,20.8,21.86
2010-09-01,18.15535,20.7,21.81
2010-09-02,18.02223,20.6,21.76
2010-09-03,17.89694,20.4,21.71
2010-09-04,17.77576,20.3,21.65
2010-09-05,17.65502,20.1,21.59
2010-09-06,17.531,20,21.53
2010-09-07,17.4,19.8,21.46
2010-09-08,17.26333,19.7,21.40
2010-09-09,17.12476,19.5,21.33
2010-09-10,16.98425,19.4,21.26
2010-09-11,16.84181,19.2,21.18
2010-09-12,16.69742,19,21.11
2010-09-13,16.55106,18.9,21.03
2010-09-14,16.40271,18.7,20.95
2010-09-15,16.25236,18.5,20.87
2010-09-16,16.1,18.4,20.78
,,18.2,20.69
,,18,20.61
,,17.8,20.51
,,17.6,20.42
,,17.5,20.32
,,17.3,20.23
,,17.1,20.13
,,16.9,20.03
,,16.7,19.92
,,16.5,19.82
,,16.3,19.71
,,16.1,19.60
