Date,Height
2005-05-11,0.357487097
2005-05-12,0.357487097
2005-05-13,0.357487097
2005-05-14,0.357487097
2005-05-15,0.357487097
2005-05-16,0.357487097
2005-05-17,0.357487097
2005-05-18,0.357487097
2005-05-19,0.357487097
2005-05-20,0.357487097
2005-05-21,0.357487097
2005-05-22,0.357487097
2005-05-23,0.357487097
2005-05-24,0.357487097
2005-05-25,0.357487097
2005-05-26,0.357487097
2005-05-27,0.357487097
2005-05-28,0.357487097
2005-05-29,0.357487097
2005-05-30,0.357487097
2005-05-31,0.357487097
2005-06-01,0.331038
2005-06-02,0.331038
2005-06-03,0.331038
2005-06-04,0.331038
2005-06-05,0.331038
2005-06-06,0.331038
2005-06-07,0.331038
2005-06-08,0.331038
2005-06-09,0.331038
2005-06-10,0.331038
2005-06-11,0.331038
2005-06-12,0.331038
2005-06-13,0.331038
2005-06-14,0.331038
2005-06-15,0.331038
2005-06-16,0.331038
2005-06-17,0.331038
2005-06-18,0.331038
2005-06-19,0.331038
2005-06-20,0.331038
2005-06-21,0.331038
2005-06-22,0.331038
2005-06-23,0.331038
2005-06-24,0.331038
2005-06-25,0.331038
2005-06-26,0.331038
2005-06-27,0.331038
2005-06-28,0.331038
2005-06-29,0.331038
2005-06-30,0.331038
2005-07-01,0.383379032
2005-07-02,0.383379032
2005-07-03,0.383379032
2005-07-04,0.383379032
2005-07-05,0.383379032
2005-07-06,0.383379032
2005-07-07,0.383379032
2005-07-08,0.383379032
2005-07-09,0.383379032
2005-07-10,0.383379032
2005-07-11,0.383379032
2005-07-12,0.383379032
2005-07-13,0.383379032
2005-07-14,0.383379032
2005-07-15,0.383379032
2005-07-16,0.383379032
2005-07-17,0.383379032
2005-07-18,0.383379032
2005-07-19,0.383379032
2005-07-20,0.383379032
2005-07-21,0.383379032
2005-07-22,0.383379032
2005-07-23,0.383379032
2005-07-24,0.383379032
2005-07-25,0.383379032
2005-07-26,0.383379032
2005-07-27,0.383379032
2005-07-28,0.383379032
2005-07-29,0.383379032
2005-07-30,0.383379032
2005-07-31,0.383379032
2005-08-01,0.340886774
2005-08-02,0.340886774
2005-08-03,0.340886774
2005-08-04,0.340886774
2005-08-05,0.340886774
2005-08-06,0.340886774
2005-08-07,0.340886774
2005-08-08,0.340886774
2005-08-09,0.340886774
2005-08-10,0.340886774
2005-08-11,0.340886774
2005-08-12,0.340886774
2005-08-13,0.340886774
2005-08-14,0.340886774
2005-08-15,0.340886774
2005-08-16,0.340886774
2005-08-17,0.340886774
2005-08-18,0.340886774
2005-08-19,0.340886774
2005-08-20,0.340886774
2005-08-21,0.340886774
2005-08-22,0.340886774
2005-08-23,0.340886774
2005-08-24,0.340886774
2005-08-25,0.340886774
2005-08-26,0.340886774
2005-08-27,0.340886774
2005-08-28,0.340886774
2005-08-29,0.340886774
2005-08-30,0.340886774
2005-08-31,0.340886774
2005-09-01,0.400866
2005-09-02,0.400866
2005-09-03,0.400866
2005-09-04,0.400866
2005-09-05,0.400866
2005-09-06,0.400866
2005-09-07,0.400866
2005-09-08,0.400866
2005-09-09,0.400866
2005-09-10,0.400866
2005-09-11,0.400866
2005-09-12,0.400866
2005-09-13,0.400866
2005-09-14,0.400866
2005-09-15,0.400866
2005-09-16,0.400866
2005-09-17,0.400866
2005-09-18,0.400866
2005-09-19,0.400866
2005-09-20,0.400866
2005-09-21,0.400866
2005-09-22,0.400866
2005-09-23,0.400866
2005-09-24,0.400866
2005-09-25,0.400866
2005-09-26,0.400866
2005-09-27,0.400866
2005-09-28,0.400866
2005-09-29,0.400866
2005-09-30,0.400866
2005-10-01,0.015455806
2005-10-02,0.015455806
2005-10-03,0.015455806
2005-10-04,0.015455806
2005-10-05,0.015455806
2005-10-06,0.015455806
2005-10-07,0.015455806
2005-10-08,0.015455806
2005-10-09,0.015455806
2005-10-10,0.015455806
2005-10-11,0.015455806
2005-10-12,0.015455806
2005-10-13,0.015455806
2005-10-14,0.015455806
2005-10-15,0.015455806
2005-10-16,0.015455806
2005-10-17,0.015455806
2005-10-18,0.015455806
2005-10-19,0.015455806
2005-10-20,0.015455806
2005-10-21,0.015455806
2005-10-22,0.015455806
2005-10-23,0.015455806
2005-10-24,0.015455806
2005-10-25,0.015455806
2005-10-26,0.015455806
2005-10-27,0.015455806
2005-10-28,0.015455806
2005-10-29,0.015455806
2005-10-30,0.015455806
2005-10-31,0.015455806
2005-11-01,0.227669667
2005-11-02,0.227669667
2005-11-03,0.227669667
2005-11-04,0.227669667
2005-11-05,0.227669667
2005-11-06,0.227669667
2005-11-07,0.227669667
2005-11-08,0.227669667
2005-11-09,0.227669667
2005-11-10,0.227669667
2005-11-11,0.227669667
2005-11-12,0.227669667
2005-11-13,0.227669667
2005-11-14,0.227669667
2005-11-15,0.227669667
2005-11-16,0.227669667
2005-11-17,0.227669667
2005-11-18,0.227669667
2005-11-19,0.227669667
2005-11-20,0.227669667
2005-11-21,0.227669667
2005-11-22,0.227669667
2005-11-23,0.227669667
2005-11-24,0.227669667
2005-11-25,0.227669667
2005-11-26,0.227669667
2005-11-27,0.227669667
2005-11-28,0.227669667
2005-11-29,0.227669667
2005-11-30,0.227669667
2005-12-01,0.199337097
2005-12-02,0.199337097
2005-12-03,0.199337097
2005-12-04,0.199337097
2005-12-05,0.199337097
2005-12-06,0.199337097
2005-12-07,0.199337097
2005-12-08,0.199337097
2005-12-09,0.199337097
2005-12-10,0.199337097
2005-12-11,0.199337097
2005-12-12,0.199337097
2005-12-13,0.199337097
2005-12-14,0.199337097
2005-12-15,0.199337097
2005-12-16,0.199337097
2005-12-17,0.199337097
2005-12-18,0.199337097
2005-12-19,0.199337097
2005-12-20,0.199337097
2005-12-21,0.199337097
2005-12-22,0.199337097
2005-12-23,0.199337097
2005-12-24,0.199337097
2005-12-25,0.199337097
2005-12-26,0.199337097
2005-12-27,0.199337097
2005-12-28,0.199337097
2005-12-29,0.199337097
2005-12-30,0.199337097
2005-12-31,0.199337097
2006-01-01,0.323234516
2006-01-02,0.323234516
2006-01-03,0.323234516
2006-01-04,0.323234516
2006-01-05,0.323234516
2006-01-06,0.323234516
2006-01-07,0.323234516
2006-01-08,0.323234516
2006-01-09,0.323234516
2006-01-10,0.323234516
2006-01-11,0.323234516
2006-01-12,0.323234516
2006-01-13,0.323234516
2006-01-14,0.323234516
2006-01-15,0.323234516
2006-01-16,0.323234516
2006-01-17,0.323234516
2006-01-18,0.323234516
2006-01-19,0.323234516
2006-01-20,0.323234516
2006-01-21,0.323234516
2006-01-22,0.323234516
2006-01-23,0.323234516
2006-01-24,0.323234516
2006-01-25,0.323234516
2006-01-26,0.323234516
2006-01-27,0.323234516
2006-01-28,0.323234516
2006-01-29,0.323234516
2006-01-30,0.323234516
2006-01-31,0.323234516
2006-02-01,0.321198571
2006-02-02,0.321198571
2006-02-03,0.321198571
2006-02-04,0.321198571
2006-02-05,0.321198571
2006-02-06,0.321198571
2006-02-07,0.321198571
2006-02-08,0.321198571
2006-02-09,0.321198571
2006-02-10,0.321198571
2006-02-11,0.321198571
2006-02-12,0.321198571
2006-02-13,0.321198571
2006-02-14,0.321198571
2006-02-15,0.321198571
2006-02-16,0.321198571
2006-02-17,0.321198571
2006-02-18,0.321198571
2006-02-19,0.321198571
2006-02-20,0.321198571
2006-02-21,0.321198571
2006-02-22,0.321198571
2006-02-23,0.321198571
2006-02-24,0.321198571
2006-02-25,0.321198571
2006-02-26,0.321198571
2006-02-27,0.321198571
2006-02-28,0.321198571
2006-03-01,0.340549355
2006-03-02,0.340549355
2006-03-03,0.340549355
2006-03-04,0.340549355
2006-03-05,0.340549355
2006-03-06,0.340549355
2006-03-07,0.340549355
2006-03-08,0.340549355
2006-03-09,0.340549355
2006-03-10,0.340549355
2006-03-11,0.340549355
2006-03-12,0.340549355
2006-03-13,0.340549355
2006-03-14,0.340549355
2006-03-15,0.340549355
2006-03-16,0.340549355
2006-03-17,0.340549355
2006-03-18,0.340549355
2006-03-19,0.340549355
2006-03-20,0.340549355
2006-03-21,0.340549355
2006-03-22,0.340549355
2006-03-23,0.340549355
2006-03-24,0.340549355
2006-03-25,0.340549355
2006-03-26,0.340549355
2006-03-27,0.340549355
2006-03-28,0.340549355
2006-03-29,0.340549355
2006-03-30,0.340549355
2006-03-31,0.340549355
2006-04-01,0.269229667
2006-04-02,0.269229667
2006-04-03,0.269229667
2006-04-04,0.269229667
2006-04-05,0.269229667
2006-04-06,0.269229667
2006-04-07,0.269229667
2006-04-08,0.269229667
2006-04-09,0.269229667
2006-04-10,0.269229667
2006-04-11,0.269229667
2006-04-12,0.269229667
2006-04-13,0.269229667
2006-04-14,0.269229667
2006-04-15,0.269229667
2006-04-16,0.269229667
2006-04-17,0.269229667
2006-04-18,0.269229667
2006-04-19,0.269229667
2006-04-20,0.269229667
2006-04-21,0.269229667
2006-04-22,0.269229667
2006-04-23,0.269229667
2006-04-24,0.269229667
2006-04-25,0.269229667
2006-04-26,0.269229667
2006-04-27,0.269229667
2006-04-28,0.269229667
2006-04-29,0.269229667
2006-04-30,0.269229667
2006-05-01,0.289650968
2006-05-02,0.289650968
2006-05-03,0.289650968
2006-05-04,0.289650968
2006-05-05,0.289650968
2006-05-06,0.289650968
2006-05-07,0.289650968
2006-05-08,0.289650968
2006-05-09,0.289650968
2006-05-10,0.289650968
2006-05-11,0.289650968
2006-05-12,0.289650968
2006-05-13,0.289650968
2006-05-14,0.289650968
2006-05-15,0.289650968
2006-05-16,0.289650968
2006-05-17,0.289650968
2006-05-18,0.289650968
2006-05-19,0.289650968
2006-05-20,0.289650968
2006-05-21,0.289650968
2006-05-22,0.289650968
2006-05-23,0.289650968
2006-05-24,0.289650968
2006-05-25,0.289650968
2006-05-26,0.289650968
2006-05-27,0.289650968
2006-05-28,0.289650968
2006-05-29,0.289650968
2006-05-30,0.289650968
2006-05-31,0.289650968
2006-06-01,0.548038
2006-06-02,0.548038
2006-06-03,0.548038
2006-06-04,0.548038
2006-06-05,0.548038
2006-06-06,0.548038
2006-06-07,0.548038
2006-06-08,0.548038
2006-06-09,0.548038
2006-06-10,0.548038
2006-06-11,0.548038
2006-06-12,0.548038
2006-06-13,0.548038
2006-06-14,0.548038
2006-06-15,0.548038
2006-06-16,0.548038
2006-06-17,0.548038
2006-06-18,0.548038
2006-06-19,0.548038
2006-06-20,0.548038
2006-06-21,0.548038
2006-06-22,0.548038
2006-06-23,0.548038
2006-06-24,0.548038
2006-06-25,0.548038
2006-06-26,0.548038
2006-06-27,0.548038
2006-06-28,0.548038
2006-06-29,0.548038
2006-06-30,0.548038
2006-07-01,0.516541613
2006-07-02,0.516541613
2006-07-03,0.516541613
2006-07-04,0.516541613
2006-07-05,0.516541613
2006-07-06,0.516541613
2006-07-07,0.516541613
2006-07-08,0.516541613
2006-07-09,0.516541613
2006-07-10,0.516541613
2006-07-11,0.516541613
2006-07-12,0.516541613
2006-07-13,0.516541613
2006-07-14,0.516541613
2006-07-15,0.516541613
2006-07-16,0.516541613
2006-07-17,0.516541613
2006-07-18,0.516541613
2006-07-19,0.516541613
2006-07-20,0.516541613
2006-07-21,0.516541613
2006-07-22,0.516541613
2006-07-23,0.516541613
2006-07-24,0.516541613
2006-07-25,0.516541613
2006-07-26,0.516541613
2006-07-27,0.516541613
2006-07-28,0.516541613
2006-07-29,0.516541613
2006-07-30,0.516541613
2006-07-31,0.516541613
2006-08-01,0.070309355
2006-08-02,0.070309355
2006-08-03,0.070309355
2006-08-04,0.070309355
2006-08-05,0.070309355
2006-08-06,0.070309355
2006-08-07,0.070309355
2006-08-08,0.070309355
2006-08-09,0.070309355
2006-08-10,0.070309355
2006-08-11,0.070309355
2006-08-12,0.070309355
2006-08-13,0.070309355
2006-08-14,0.070309355
2006-08-15,0.070309355
2006-08-16,0.070309355
2006-08-17,0.070309355
2006-08-18,0.070309355
2006-08-19,0.070309355
2006-08-20,0.070309355
2006-08-21,0.070309355
2006-08-22,0.070309355
2006-08-23,0.070309355
2006-08-24,0.070309355
2006-08-25,0.070309355
2006-08-26,0.070309355
2006-08-27,0.070309355
2006-08-28,0.070309355
2006-08-29,0.070309355
2006-08-30,0.070309355
2006-08-31,0.070309355
2006-09-01,0.000003
2006-09-02,0.000003
2006-09-03,0.000003
2006-09-04,0.000003
2006-09-05,0.000003
2006-09-06,0.000003
2006-09-07,0.000003
2006-09-08,0.000003
2006-09-09,0.000003
2006-09-10,0.000003
2006-09-11,0.000003
2006-09-12,0.000003
2006-09-13,0.000003
2006-09-14,0.000003
2006-09-15,0.000003
2006-09-16,0.000003
2006-09-17,0.000003
2006-09-18,0.000003
2006-09-19,0.000003
2006-09-20,0.000003
2006-09-21,0.000003
2006-09-22,0.000003
2006-09-23,0.000003
2006-09-24,0.000003
2006-09-25,0.000003
2006-09-26,0.000003
2006-09-27,0.000003
2006-09-28,0.000003
2006-09-29,0.000003
2006-09-30,0.000003
2006-10-01,0.238482903
2006-10-02,0.238482903
2006-10-03,0.238482903
2006-10-04,0.238482903
2006-10-05,0.238482903
2006-10-06,0.238482903
2006-10-07,0.238482903
2006-10-08,0.238482903
2006-10-09,0.238482903
2006-10-10,0.238482903
2006-10-11,0.238482903
2006-10-12,0.238482903
2006-10-13,0.238482903
2006-10-14,0.238482903
2006-10-15,0.238482903
2006-10-16,0.238482903
2006-10-17,0.238482903
2006-10-18,0.238482903
2006-10-19,0.238482903
2006-10-20,0.238482903
2006-10-21,0.238482903
2006-10-22,0.238482903
2006-10-23,0.238482903
2006-10-24,0.238482903
2006-10-25,0.238482903
2006-10-26,0.238482903
2006-10-27,0.238482903
2006-10-28,0.238482903
2006-10-29,0.238482903
2006-10-30,0.238482903
2006-10-31,0.238482903
2006-11-01,0.442994
2006-11-02,0.442994
2006-11-03,0.442994
2006-11-04,0.442994
2006-11-05,0.442994
2006-11-06,0.442994
2006-11-07,0.442994
2006-11-08,0.442994
2006-11-09,0.442994
2006-11-10,0.442994
2006-11-11,0.442994
2006-11-12,0.442994
2006-11-13,0.442994
2006-11-14,0.442994
2006-11-15,0.442994
2006-11-16,0.442994
2006-11-17,0.442994
2006-11-18,0.442994
2006-11-19,0.442994
2006-11-20,0.442994
2006-11-21,0.442994
2006-11-22,0.442994
2006-11-23,0.442994
2006-11-24,0.442994
2006-11-25,0.442994
2006-11-26,0.442994
2006-11-27,0.442994
2006-11-28,0.442994
2006-11-29,0.442994
2006-11-30,0.442994
2006-12-01,0.43185
2006-12-02,0.43185
2006-12-03,0.43185
2006-12-04,0.43185
2006-12-05,0.43185
2006-12-06,0.43185
2006-12-07,0.43185
2006-12-08,0.43185
2006-12-09,0.43185
2006-12-10,0.43185
2006-12-11,0.43185
2006-12-12,0.43185
2006-12-13,0.43185
2006-12-14,0.43185
2006-12-15,0.43185
2006-12-16,0.43185
2006-12-17,0.43185
2006-12-18,0.43185
2006-12-19,0.43185
2006-12-20,0.43185
2006-12-21,0.43185
2006-12-22,0.43185
2006-12-23,0.43185
2006-12-24,0.43185
2006-12-25,0.43185
2006-12-26,0.43185
2006-12-27,0.43185
2006-12-28,0.43185
2006-12-29,0.43185
2006-12-30,0.43185
2006-12-31,0.43185
2007-01-01,0.46735
2007-01-02,0.4805
2007-01-03,0.51411
2007-01-04,0.40922
2007-01-05,0.32826
2007-01-06,0.32845
2007-01-07,0.34986
2007-01-08,0.28571
2007-01-09,0.32854
2007-01-10,0.07785
2007-01-11,0
2007-01-12,0.1142
2007-01-13,0.2774
2007-01-14,0.13584
2007-01-15,0.41466
2007-01-16,0.54584
2007-01-17,0.41868
2007-01-18,0.58014
2007-01-19,0.52447
2007-01-20,0.48986
2007-01-21,0.47123
2007-01-22,0.48484
2007-01-23,0.4895
2007-01-24,0.5111
2007-01-25,0.49973
2007-01-26,0.28836
2007-01-27,0
2007-01-28,0
2007-01-29,0.33096
2007-01-30,0.65324
2007-01-31,0.49046
2007-02-01,0.52936
2007-02-02,0.47416
2007-02-03,0.48
2007-02-04,0.44598
2007-02-05,0.49872
2007-02-06,0.26886
2007-02-07,0
2007-02-08,0
2007-02-09,0.20959
2007-02-10,0.36922
2007-02-11,0.39616
2007-02-12,0.33977
2007-02-13,0.39068
2007-02-14,0.36753
2007-02-15,0.40612
2007-02-16,0.44018
2007-02-17,0.39429
2007-02-18,0.47854
2007-02-19,0.38347
2007-02-20,0.43151
2007-02-21,0.32712
2007-02-22,0.51219
2007-02-23,0.34717
2007-02-24,0.46292
2007-02-25,0.41562
2007-02-26,0.42612
2007-02-27,0.20986
2007-02-28,0.20986
2007-03-01,0.44438
2007-03-02,0.3526
2007-03-03,0.22023
2007-03-04,0.22096
2007-03-05,0.19438
2007-03-06,0.26301
2007-03-07,0.17877
2007-03-08,0.25388
2007-03-09,0.17808
2007-03-10,0.25123
2007-03-11,0.15333
2007-03-12,0.23425
2007-03-13,0.19932
2007-03-14,0.26498
2007-03-15,0.17648
2007-03-16,0.29936
2007-03-17,0.37717
2007-03-18,0.4389
2007-03-19,0.17288
2007-03-20,0.31603
2007-03-21,0.27393
2007-03-22,0.60461
2007-03-23,0.31192
2007-03-24,0.45324
2007-03-25,0.36808
2007-03-26,0.3368
2007-03-27,0.36932
2007-03-28,0.36205
2007-03-29,0.39991
2007-03-30,0.40671
2007-03-31,0.39639
2007-04-01,0.411
2007-04-02,0.39913
2007-04-03,0.40511
2007-04-04,0.39731
2007-04-05,0.39365
2007-04-06,0.32831
2007-04-07,0.34694
2007-04-08,0.34224
2007-04-09,0.35247
2007-04-10,0.32868
2007-04-11,0.36219
2007-04-12,0.37954
2007-04-13,0.36941
2007-04-14,0.35913
2007-04-15,0.35114
2007-04-16,0.37388
2007-04-17,0.43215
2007-04-18,0.43027
2007-04-19,0.50406
2007-04-20,0.49521
2007-04-21,0.48913
2007-04-22,0.50575
2007-04-23,0.55534
2007-04-24,0.60845
2007-04-25,0.6226
2007-04-26,0.48087
2007-04-27,0.51973
2007-04-28,0.43795
2007-04-29,0.43726
2007-04-30,0.43772
2007-05-01,0.43767
2007-05-02,0.43735
2007-05-03,0.43749
2007-05-04,0.43721
2007-05-05,0.43758
2007-05-06,0.4374
2007-05-07,0.54032
2007-05-08,0.49968
2007-05-09,0.24612
2007-05-10,0.39411
2007-05-11,0.461
2007-05-12,0.35749
2007-05-13,0.46918
2007-05-14,0.34384
2007-05-15,0.64041
2007-05-16,0.45055
2007-05-17,0.57968
2007-05-18,0.4237
2007-05-19,0.52329
2007-05-20,0.48772
2007-05-21,0.39123
2007-05-22,0.27201
2007-05-23,0.38046
2007-05-24,0.29963
2007-05-25,0.37785
2007-05-26,0.39283
2007-05-27,0.40667
2007-05-28,0.45265
2007-05-29,0.40571
2007-05-30,0.21205
2007-05-31,0.2121
2007-06-01,0.38963
2007-06-02,0.41215
2007-06-03,0.41858
2007-06-04,0.3842
2007-06-05,0.47196
2007-06-06,0.37904
2007-06-07,0.39247
2007-06-08,0.49653
2007-06-09,0.37836
2007-06-10,0.46443
2007-06-11,0.46521
2007-06-12,0.43005
2007-06-13,0.48014
2007-06-14,0.41041
2007-06-15,0.51991
2007-06-16,0.69886
2007-06-17,0.40338
2007-06-18,0.54247
2007-06-19,0.46411
2007-06-20,0.5353
2007-06-21,0.49356
2007-06-22,0.52502
2007-06-23,0.49721
2007-06-24,0.50393
2007-06-25,0.51909
2007-06-26,0.57763
2007-06-27,0.51119
2007-06-28,0.43708
2007-06-29,0.43731
2007-06-30,0.43721
2007-07-01,0.43753
2007-07-02,0.43753
2007-07-03,0.43726
2007-07-04,0.43763
2007-07-05,0.4374
2007-07-06,0.37516
2007-07-07,0.3295
2007-07-08,0.32822
2007-07-09,0.30548
2007-07-10,0.29685
2007-07-11,0.21543
2007-07-12,0.53297
2007-07-13,0.60589
2007-07-14,0.5968
2007-07-15,0.48269
2007-07-16,0.47137
2007-07-17,0.46452
2007-07-18,0.43589
2007-07-19,0.31626
2007-07-20,0.3542
2007-07-21,0.40466
2007-07-22,0.52352
2007-07-23,0.43434
2007-07-24,0.27178
2007-07-25,0.45105
2007-07-26,0.44731
2007-07-27,0.46959
2007-07-28,0.46256
2007-07-29,0.46703
2007-07-30,0.5237
2007-07-31,0.45986
2007-08-01,0.48279
2007-08-02,0.35466
2007-08-03,0.25977
2007-08-04,0.25603
2007-08-05,0.25452
2007-08-06,0.44918
2007-08-07,0.49594
2007-08-08,0.45708
2007-08-09,0.46247
2007-08-10,0.35338
2007-08-11,0.31251
2007-08-12,0.37297
2007-08-13,0.42479
2007-08-14,0.44078
2007-08-15,0.40594
2007-08-16,0.42845
2007-08-17,0.44274
2007-08-18,0.44037
2007-08-19,0.42142
2007-08-20,0.4189
2007-08-21,0.46594
2007-08-22,0.23064
2007-08-23,0.27009
2007-08-24,0.33068
2007-08-25,0.21256
2007-08-26,0.27434
2007-08-27,0.40233
2007-08-28,0.4368
2007-08-29,0.50379
2007-08-30,0.50119
2007-08-31,0.32922
2007-09-01,0.27315
2007-09-02,0.27228
2007-09-03,0.43872
2007-09-04,0.48292
2007-09-05,0.45831
2007-09-06,0.34311
2007-09-07,0.29466
2007-09-08,0.28868
2007-09-09,0.27233
2007-09-10,0.32763
2007-09-11,0.31763
2007-09-12,0.32443
2007-09-13,0.24301
2007-09-14,0.02927
2007-09-15,0
2007-09-16,0
2007-09-17,0
2007-09-18,0
2007-09-19,0
2007-09-20,0
2007-09-21,0
2007-09-22,0
2007-09-23,0
2007-09-24,0
2007-09-25,0
2007-09-26,0
2007-09-27,0
2007-09-28,0
2007-09-29,0
2007-09-30,0
2007-10-01,0
2007-10-02,0
2007-10-03,0
2007-10-04,0
2007-10-05,0
2007-10-06,0
2007-10-07,0
2007-10-08,0
2007-10-09,0
2007-10-10,0
2007-10-11,0
2007-10-12,0
2007-10-13,0
2007-10-14,0
2007-10-15,0
2007-10-16,0
2007-10-17,0
2007-10-18,0
2007-10-19,0
2007-10-20,0
2007-10-21,0
2007-10-22,0
2007-10-23,0
2007-10-24,0.25795
2007-10-25,0.4374
2007-10-26,0.43758
2007-10-27,0.43753
2007-10-28,0.45571
2007-10-29,0.43758
2007-10-30,0.43744
2007-10-31,0.43749
2007-11-01,0.43726
2007-11-02,0.4374
2007-11-03,0.43772
2007-11-04,0.43767
2007-11-05,0.43749
2007-11-06,0.43712
2007-11-07,0.43744
2007-11-08,0.43731
2007-11-09,0.43726
2007-11-10,0.43699
2007-11-11,0.4374
2007-11-12,0.29237
2007-11-13,0.27329
2007-11-14,0
2007-11-15,0
2007-11-16,0
2007-11-17,0
2007-11-18,0
2007-11-19,0
2007-11-20,0
2007-11-21,0
2007-11-22,0
2007-11-23,0
2007-11-24,0
2007-11-25,0
2007-11-26,0.38356
2007-11-27,0.25571
2007-11-28,0.41096
2007-11-29,0.54795
2007-11-30,0.86758
2007-12-01,0
2007-12-02,0
2007-12-03,0
2007-12-04,0
2007-12-05,0
2007-12-06,0
2007-12-07,0
2007-12-08,0
2007-12-09,0
2007-12-10,0
2007-12-11,0
2007-12-12,0
2007-12-13,0
2007-12-14,0
2007-12-15,0
2007-12-16,0
2007-12-17,0
2007-12-18,0.40685
2007-12-19,0.42078
2007-12-20,0.45863
2007-12-21,0.39265
2007-12-22,0.46826
2007-12-23,0.42361
2007-12-24,0.42639
2007-12-25,0.47018
2007-12-26,0.40329
2007-12-27,0.45142
2007-12-28,0.41836
2007-12-29,0.39831
2007-12-30,0.47228
2007-12-31,0.42379
2008-01-01,0.39616
2008-01-02,0.42457
2008-01-03,0.38265
2008-01-04,0.0742
2008-01-05,0.17
2008-01-06,0.13986
2008-01-07,0.2784
2008-01-08,0.23703
2008-01-09,0.25689
2008-01-10,0.18607
2008-01-11,0.20461
2008-01-12,0.26169
2008-01-13,0.18562
2008-01-14,0.20132
2008-01-15,0.30913
2008-01-16,0.33333
2008-01-17,0.37968
2008-01-18,0.39137
2008-01-19,0.41685
2008-01-20,0.41845
2008-01-21,0.41849
2008-01-22,0.37425
2008-01-23,0.32621
2008-01-24,0.08635
2008-01-25,0
2008-01-26,0
2008-01-27,0
2008-01-28,0
2008-01-29,0
2008-01-30,0
2008-01-31,0
2008-02-01,0
2008-02-02,0
2008-02-03,0
2008-02-04,0
2008-02-05,0
2008-02-06,0
2008-02-07,0.05068
2008-02-08,0.0121
2008-02-09,0
2008-02-10,0
2008-02-11,0
2008-02-12,0
2008-02-13,0
2008-02-14,0
2008-02-15,0
2008-02-16,0
2008-02-17,0
2008-02-18,0
2008-02-19,0
2008-02-20,0
2008-02-21,0
2008-02-22,0
2008-02-23,0
2008-02-24,0
2008-02-25,0
2008-02-26,0
2008-02-27,0
2008-02-28,0
2008-02-29,0
2008-03-01,0
2008-03-02,0
2008-03-03,0
2008-03-04,0
2008-03-05,0
2008-03-06,0
2008-03-07,0
2008-03-08,0
2008-03-09,0
2008-03-10,0
2008-03-11,0
2008-03-12,0
2008-03-13,0
2008-03-14,0
2008-03-15,0
2008-03-16,0
2008-03-17,0
2008-03-18,0
2008-03-19,0
2008-03-20,0
2008-03-21,0
2008-03-22,0
2008-03-23,0
2008-03-24,0
2008-03-25,0
2008-03-26,0
2008-03-27,0
2008-03-28,0
2008-03-29,0
2008-03-30,0
2008-03-31,0
2008-04-01,0
2008-04-02,0
2008-04-03,0
2008-04-04,0
2008-04-05,0
2008-04-06,0
2008-04-07,0
2008-04-08,0
2008-04-09,0
2008-04-10,0
2008-04-11,0
2008-04-12,0
2008-04-13,0
2008-04-14,0
2008-04-15,0
2008-04-16,0
2008-04-17,0
2008-04-18,0
2008-04-19,0
2008-04-20,0
2008-04-21,0
2008-04-22,0
2008-04-23,0
2008-04-24,0
2008-04-25,0
2008-04-26,0
2008-04-27,0
2008-04-28,0
2008-04-29,0
2008-04-30,0
2008-05-01,0
2008-05-02,0
2008-05-03,0
2008-05-04,0
2008-05-05,0
2008-05-06,0
2008-05-07,0
2008-05-08,0
2008-05-09,0
2008-05-10,0
2008-05-11,0
2008-05-12,0
2008-05-13,0
2008-05-14,0
2008-05-15,0.06995
2008-05-16,0
2008-05-17,0
2008-05-18,0
2008-05-19,0
2008-05-20,0
2008-05-21,0
2008-05-22,0
2008-05-23,0
2008-05-24,0
2008-05-25,0
2008-05-26,0
2008-05-27,0.30763
2008-05-28,0.44361
2008-05-29,0.49881
2008-05-30,0.30731
2008-05-31,0.30731
2008-06-01,0.47584
2008-06-02,1.02347
2008-06-03,0.59356
2008-06-04,0.57799
2008-06-05,0.56379
2008-06-06,0.47438
2008-06-07,0.46963
2008-06-08,0.48
2008-06-09,0.49854
2008-06-10,0.55091
2008-06-11,0.51247
2008-06-12,0.49311
2008-06-13,0.49397
2008-06-14,0.49913
2008-06-15,0.5
2008-06-16,0.50233
2008-06-17,0.51119
2008-06-18,0.49566
2008-06-19,0.49936
2008-06-20,0.50913
2008-06-21,0.49288
2008-06-22,0.47776
2008-06-23,0.48836
2008-06-24,0.48
2008-06-25,0.46854
2008-06-26,0.48155
2008-06-27,0.47868
2008-06-28,0.46753
2008-06-29,0.47
2008-06-30,0.48457
2008-07-01,0.48146
2008-07-02,0.48434
2008-07-03,0.4779
2008-07-04,0.46863
2008-07-05,0.46265
2008-07-06,0.46854
2008-07-07,0.46699
2008-07-08,0.47904
2008-07-09,0.47932
2008-07-10,0.47863
2008-07-11,0.48333
2008-07-12,0.50192
2008-07-13,0.50534
2008-07-14,0.4174
2008-07-15,0.27447
2008-07-16,0.27543
2008-07-17,0.27553
2008-07-18,0.27553
2008-07-19,0.27521
2008-07-20,0.27584
2008-07-21,0.24726
2008-07-22,0.24689
2008-07-23,0.26237
2008-07-24,0.35909
2008-07-25,0.46169
2008-07-26,0.45155
2008-07-27,0.46845
2008-07-28,0.44566
2008-07-29,0.34114
2008-07-30,0.39105
2008-07-31,0.34566
2008-08-01,0.43945
2008-08-02,0.3458
2008-08-03,0.34192
2008-08-04,0.54247
2008-08-05,0.35895
2008-08-06,0.38621
2008-08-07,0.42265
2008-08-08,0.13598
2008-08-09,0.1247
2008-08-10,0.32735
2008-08-11,0.48936
2008-08-12,0.46333
2008-08-13,0
2008-08-14,0.44274
2008-08-15,0.45457
2008-08-16,0.30306
2008-08-17,0.3084
2008-08-18,0.43311
2008-08-19,0.30502
2008-08-20,0.54849
2008-08-21,0.64087
2008-08-22,0.51799
2008-08-23,0.3189
2008-08-24,0.31457
2008-08-25,0.43379
2008-08-26,0.10196
2008-08-27,0
2008-08-28,0
2008-08-29,0
2008-08-30,0
2008-08-31,0
2008-09-01,0
2008-09-02,0
2008-09-03,0
2008-09-04,0
2008-09-05,0
2008-09-06,0
2008-09-07,0
2008-09-08,0
2008-09-09,0
2008-09-10,0
2008-09-11,0
2008-09-12,0
2008-09-13,0
2008-09-14,0
2008-09-15,0
2008-09-16,0
2008-09-17,0
2008-09-18,0
2008-09-19,0
2008-09-20,0
2008-09-21,0
2008-09-22,0
2008-09-23,0
2008-09-24,0
2008-09-25,0
2008-09-26,0
2008-09-27,0
2008-09-28,0
2008-09-29,0
2008-09-30,0
2008-10-01,0.26438
2008-10-02,0.59653
2008-10-03,0.5189
2008-10-04,0.5579
2008-10-05,0.51817
2008-10-06,0.56553
2008-10-07,0.5689
2008-10-08,0.50443
2008-10-09,0.51826
2008-10-10,0.53347
2008-10-11,0.54986
2008-10-12,0.53
2008-10-13,0.54187
2008-10-14,0.45571
2008-10-15,0.40461
2008-10-16,0.45174
2008-10-17,0.45174
2008-10-18,0.53662
2008-10-19,0.44087
2008-10-20,0.48379
2008-10-21,0.42123
2008-10-22,0.51626
2008-10-23,0.48288
2008-10-24,0.44119
2008-10-25,0.4432
2008-10-26,0.45064
2008-10-27,0.41973
2008-10-28,0.43904
2008-10-29,0.43091
2008-10-30,0.40689
2008-10-31,0.45087
2008-11-01,0.25626
2008-11-02,0.21205
2008-11-03,0.30096
2008-11-04,0.29425
2008-11-05,0.38511
2008-11-06,0.43735
2008-11-07,0.43237
2008-11-08,0.43776
2008-11-09,0.41653
2008-11-10,0.43808
2008-11-11,0.171
2008-11-12,0.14041
2008-11-13,0.04548
2008-11-14,0
2008-11-15,0
2008-11-16,0
2008-11-17,0
2008-11-18,0
2008-11-19,0
2008-11-20,0
2008-11-21,0
2008-11-22,0
2008-11-23,0
2008-11-24,0
2008-11-25,0
2008-11-26,0
2008-11-27,0
2008-11-28,0
2008-11-29,0
2008-11-30,0
2008-12-01,0
2008-12-02,0
2008-12-03,0
2008-12-04,0
2008-12-05,0
2008-12-06,0
2008-12-07,0
2008-12-08,0
2008-12-09,0
2008-12-10,0
2008-12-11,0
2008-12-12,0
2008-12-13,0
2008-12-14,0
2008-12-15,0
2008-12-16,0
2008-12-17,0
2008-12-18,0
2008-12-19,0
2008-12-20,0
2008-12-21,0
2008-12-22,0
2008-12-23,0
2008-12-24,0
2008-12-25,0
2008-12-26,0
2008-12-27,0
2008-12-28,0
2008-12-29,0
2008-12-30,0
2008-12-31,0
2009-01-01,0
2009-01-02,0
2009-01-03,0
2009-01-04,0
2009-01-05,0
2009-01-06,0
2009-01-07,0
2009-01-08,0
2009-01-09,0
2009-01-10,0
2009-01-11,0
2009-01-12,0
2009-01-13,0
2009-01-14,0
2009-01-15,0
2009-01-16,0
2009-01-17,0
2009-01-18,0
2009-01-19,0
2009-01-20,0
2009-01-21,0
2009-01-22,0
2009-01-23,0
2009-01-24,0
2009-01-25,0
2009-01-26,0
2009-01-27,0
2009-01-28,0
2009-01-29,0
2009-01-30,0
2009-01-31,0
2009-02-01,0
2009-02-02,0
2009-02-03,0
2009-02-04,0
2009-02-05,0
2009-02-06,0
2009-02-07,0
2009-02-08,0
2009-02-09,0
2009-02-10,0
2009-02-11,0
2009-02-12,0
2009-02-13,0
2009-02-14,0
2009-02-15,0
2009-02-16,0
2009-02-17,0
2009-02-18,0
2009-02-19,0
2009-02-20,0
2009-02-21,0
2009-02-22,0
2009-02-23,0
2009-02-24,0
2009-02-25,0
2009-02-26,0
2009-02-27,0
2009-02-28,0
2009-03-01,0
2009-03-02,0
2009-03-03,0
2009-03-04,0
2009-03-05,0
2009-03-06,0
2009-03-07,0
2009-03-08,0
2009-03-09,0
2009-03-10,0
2009-03-11,0
2009-03-12,0
2009-03-13,0
2009-03-14,0
2009-03-15,0
2009-03-16,0
2009-03-17,0
2009-03-18,0
2009-03-19,0
2009-03-20,0
2009-03-21,0
2009-03-22,0
2009-03-23,0
2009-03-24,0
2009-03-25,0
2009-03-26,0
2009-03-27,0
2009-03-28,0
2009-03-29,0
2009-03-30,0
2009-03-31,0
2009-04-01,0
2009-04-02,0
2009-04-03,0
2009-04-04,0
2009-04-05,0
2009-04-06,0
2009-04-07,0
2009-04-08,0
2009-04-09,0
2009-04-10,0
2009-04-11,0
2009-04-12,0
2009-04-13,0
2009-04-14,0
2009-04-15,0
2009-04-16,0
2009-04-17,0
2009-04-18,0
2009-04-19,0
2009-04-20,0.17443
2009-04-21,0.53342
2009-04-22,0.54274
2009-04-23,0.63753
2009-04-24,0.5558
2009-04-25,0.54589
2009-04-26,0.60658
2009-04-27,0.50776
2009-04-28,0.57279
2009-04-29,0.55895
2009-04-30,0.53132
2009-05-01,0.53014
2009-05-02,0.51676
2009-05-03,0.52192
2009-05-04,0.43479
2009-05-05,0.50548
2009-05-06,0.60726
2009-05-07,0.32288
2009-05-08,0.44228
2009-05-09,0.43265
2009-05-10,0.53315
2009-05-11,0.42146
2009-05-12,0.41954
2009-05-13,0.47443
2009-05-14,0.46
2009-05-15,0.43598
2009-05-16,0.5068
2009-05-17,0.43
2009-05-18,0.51164
2009-05-19,0.43187
2009-05-20,0.44941
2009-05-21,0.40507
2009-05-22,0.431
2009-05-23,0.4005
2009-05-24,0.41324
2009-05-25,0.41402
2009-05-26,0.35479
2009-05-27,0.28557
2009-05-28,0.37073
2009-05-29,0.38032
2009-05-30,0.40689
2009-05-31,0.42087
2009-06-01,0.42429
2009-06-02,0.39863
2009-06-03,0.40763
2009-06-04,0.43283
2009-06-05,0.40854
2009-06-06,0.45018
2009-06-07,0.4763
2009-06-08,0.39872
2009-06-09,0.43498
2009-06-10,0.3905
2009-06-11,0.44918
2009-06-12,0.41584
2009-06-13,0.42192
2009-06-14,0.41073
2009-06-15,0.40699
2009-06-16,0.50251
2009-06-17,0.39169
2009-06-18,0.41525
2009-06-19,0.48251
2009-06-20,0.41457
2009-06-21,0.41667
2009-06-22,0.4774
2009-06-23,0.42269
2009-06-24,0.41635
2009-06-25,0.51023
2009-06-26,0.41772
2009-06-27,0.49301
2009-06-28,0.45443
2009-06-29,0.3858
2009-06-30,0.42311
2009-07-01,0.40954
2009-07-02,0.45183
2009-07-03,0.41667
2009-07-04,0.38511
2009-07-05,0.42429
2009-07-06,0.40068
2009-07-07,0.42123
2009-07-08,0.4589
2009-07-09,0.45804
2009-07-10,0.12082
2009-07-11,0
2009-07-12,0
2009-07-13,0
2009-07-14,0
2009-07-15,0
2009-07-16,0
2009-07-17,0
2009-07-18,0
2009-07-19,0
2009-07-20,0
2009-07-21,0
2009-07-22,0
2009-07-23,0
2009-07-24,0
2009-07-25,0
2009-07-26,0
2009-07-27,0
2009-07-28,0
2009-07-29,0
2009-07-30,0
2009-07-31,0
2009-08-01,0
2009-08-02,0
2009-08-03,0
2009-08-04,0
2009-08-05,0
2009-08-06,0
2009-08-07,0
2009-08-08,0
2009-08-09,0
2009-08-10,0
2009-08-11,0
2009-08-12,0
2009-08-13,0
2009-08-14,0
2009-08-15,0.00005
2009-08-16,0
2009-08-17,0
2009-08-18,0
2009-08-19,0
2009-08-20,0
2009-08-21,0
2009-08-22,0
2009-08-23,0
2009-08-24,0
2009-08-25,0
2009-08-26,0
2009-08-27,0
2009-08-28,0
2009-08-29,0
2009-08-30,0
2009-08-31,0
2009-09-01,0
2009-09-02,0
2009-09-03,0
2009-09-04,0
2009-09-05,0
2009-09-06,0
2009-09-07,0
2009-09-08,0
2009-09-09,0
2009-09-10,0
2009-09-11,0
2009-09-12,0
2009-09-13,0.00005
2009-09-14,0.12511
2009-09-15,0.1921
2009-09-16,0.21922
2009-09-17,0.21548
2009-09-18,0.19689
2009-09-19,0.24817
2009-09-20,0.23379
2009-09-21,0.06475
2009-09-22,0
2009-09-23,0
2009-09-24,0.08301
2009-09-25,0.19457
2009-09-26,0.04932
2009-09-27,0.33137
2009-09-28,0.22553
2009-09-29,0.25502
2009-09-30,0.21799
2009-10-01,0.23078
2009-10-02,0.22548
2009-10-03,0.24082
2009-10-04,0.23877
2009-10-05,0.23877
2009-10-06,0.2174
2009-10-07,0.26493
2009-10-08,0.32142
2009-10-09,0.22301
2009-10-10,0.27516
2009-10-11,0.29123
2009-10-12,0.30603
2009-10-13,0.19137
2009-10-14,0.04973
2009-10-15,0.14201
2009-10-16,0.20941
2009-10-17,0.20945
2009-10-18,0.21087
2009-10-19,0.33881
2009-10-20,0.43438
2009-10-21,0.41096
2009-10-22,0.39968
2009-10-23,0.4053
2009-10-24,0.39808
2009-10-25,0.41941
2009-10-26,0.2421
2009-10-27,0.01164
2009-10-28,0.01863
2009-10-29,0.02735
2009-10-30,0.01265
2009-10-31,0.04986
2009-11-01,0.01484
2009-11-02,0.00352
2009-11-03,0.0042
2009-11-04,0
2009-11-05,0.05142
2009-11-06,0.0647
2009-11-07,0.12502
2009-11-08,0.12388
2009-11-09,0.11247
2009-11-10,0.10753
2009-11-11,0.11658
2009-11-12,0.11479
2009-11-13,0.1174
2009-11-14,0.11763
2009-11-15,0.10164
2009-11-16,0.11301
2009-11-17,0.17142
2009-11-18,0.25283
2009-11-19,0.24763
2009-11-20,0.25653
2009-11-21,0.25543
2009-11-22,0.26411
2009-11-23,0.26995
2009-11-24,0.27018
2009-11-25,0.28078
2009-11-26,0.29868
2009-11-27,0.23128
2009-11-28,0.25868
2009-11-29,0.2832
2009-11-30,0.23041
2009-12-01,0.29954
2009-12-02,0.26475
2009-12-03,0.28461
2009-12-04,0.27804
2009-12-05,0.26918
2009-12-06,0.26717
2009-12-07,0.32155
2009-12-08,0.18402
2009-12-09,0.16909
2009-12-10,0.20425
2009-12-11,0.20543
2009-12-12,0.20461
2009-12-13,0.19913
2009-12-14,0.20274
2009-12-15,0.20484
2009-12-16,0.22274
2009-12-17,0.23918
2009-12-18,0.23416
2009-12-19,0.23858
2009-12-20,0.26356
2009-12-21,0.27183
2009-12-22,0.2768
2009-12-23,0.27749
2009-12-24,0.2795
2009-12-25,0.28836
2009-12-26,0.30128
2009-12-27,0.25237
2009-12-28,0.28416
2009-12-29,0.2932
2009-12-30,0.30735
2009-12-31,0.33863
2010-01-01,0.30228
2010-01-02,0.33781
2010-01-03,0.291
2010-01-04,0.34023
2010-01-05,0.31169
2010-01-06,0.32205
2010-01-07,0.33402
2010-01-08,0.33027
2010-01-09,0.33137
2010-01-10,0.32909
2010-01-11,0.33598
2010-01-12,0.32575
2010-01-13,0.32735
2010-01-14,0.33918
2010-01-15,0.3421
2010-01-16,0.33411
2010-01-17,0.32895
2010-01-18,0.34566
2010-01-19,0.38041
2010-01-20,0.33968
2010-01-21,0.35169
2010-01-22,0.36475
2010-01-23,0.36886
2010-01-24,0.37694
2010-01-25,0.37995
2010-01-26,0.39434
2010-01-27,0.40146
2010-01-28,0.40566
2010-01-29,0.40105
2010-01-30,0.41128
2010-01-31,0.39648
2010-02-01,0.39703
2010-02-02,0.40516
2010-02-03,0.41548
2010-02-04,0.40037
2010-02-05,0.41849
2010-02-06,0.41342
2010-02-07,0.40991
2010-02-08,0.40685
2010-02-09,0.40525
2010-02-10,0.39324
2010-02-11,0.3753
2010-02-12,0.38447
2010-02-13,0.39927
2010-02-14,0.4074
2010-02-15,0.39795
2010-02-16,0.40443
2010-02-17,0.39826
2010-02-18,0.39055
2010-02-19,0.39858
2010-02-20,0.39484
2010-02-21,0.39169
2010-02-22,0.39717
2010-02-23,0.40228
2010-02-24,0.30119
2010-02-25,0.35055
2010-02-26,0.39895
2010-02-27,0.37461
2010-02-28,0.39187
2010-03-01,0.36091
2010-03-02,0.3037
2010-03-03,0.29511
2010-03-04,0.19763
2010-03-05,0.23151
2010-03-06,0.27909
2010-03-07,0.29032
2010-03-08,0.30877
2010-03-09,0.28183
2010-03-10,0.63566
2010-03-11,0.93589
2010-03-12,0.48868
2010-03-13,0.32114
2010-03-14,0.43836
2010-03-15,0.57712
2010-03-16,0.67475
2010-03-17,0.51511
2010-03-18,0.33073
2010-03-19,0.29575
2010-03-20,0.31224
2010-03-21,0.30123
2010-03-22,0.23676
2010-03-23,0.15735
2010-03-24,0.23767
2010-03-25,0.22886
2010-03-26,0.21297
2010-03-27,0.31708
2010-03-28,0.19333
2010-03-29,0.31813
2010-03-30,0.20498
2010-03-31,0.20854
2010-04-01,0.28215
2010-04-02,0.18146
2010-04-03,0.28717
2010-04-04,0.18452
2010-04-05,0.23096
2010-04-06,0.26215
2010-04-07,0.16228
2010-04-08,0.2511
2010-04-09,0.21201
2010-04-10,0.16087
2010-04-11,0.22676
2010-04-12,0.20265
2010-04-13,0.13918
2010-04-14,0.19991
2010-04-15,0.09406
2010-04-16,0.20297
2010-04-17,0.10662
2010-04-18,0.12146
2010-04-19,0.17612
2010-04-20,0.25438
2010-04-21,0.50662
2010-04-22,0.5805
2010-04-23,0.46114
2010-04-24,0.57068
2010-04-25,0.50699
2010-04-26,0.51658
2010-04-27,0.50735
2010-04-28,0.44616
2010-04-29,0.43849
2010-04-30,0.50493
2010-05-01,0.41461
2010-05-02,0.46886
2010-05-03,0.5605
2010-05-04,0.43219
2010-05-05,0.78438
2010-05-06,0.51804
2010-05-07,0.52
2010-05-08,0.5716
2010-05-09,0.44817
2010-05-10,0.60452
2010-05-11,0.47342
2010-05-12,0.48142
2010-05-13,0.55986
2010-05-14,0.45379
2010-05-15,0.60169
2010-05-16,0.60562
2010-05-17,0.40164
2010-05-18,0.41178
2010-05-19,0.72571
2010-05-20,0.25425
2010-05-21,0
2010-05-22,0
2010-05-23,0
2010-05-24,0
2010-05-25,0
2010-05-26,0
2010-05-27,0
2010-05-28,0
2010-05-29,0
2010-05-30,0
2010-05-31,0
2010-06-01,0
2010-06-02,0
2010-06-03,0
2010-06-04,0
2010-06-05,0
2010-06-06,0
2010-06-07,0
2010-06-08,0
2010-06-09,0
2010-06-10,0.16516
2010-06-11,0.40178
2010-06-12,0.43817
2010-06-13,0.43767
2010-06-14,0.43758
2010-06-15,0.43822
2010-06-16,0.43804
2010-06-17,0.39589
2010-06-18,0.43813
2010-06-19,0.43799
2010-06-20,0.43831
2010-06-21,0.43795
2010-06-22,0.41224
2010-06-23,0.43826
2010-06-24,0.43776
2010-06-25,0.43785
2010-06-26,0.43822
2010-06-27,0.43808
2010-06-28,0.43785
2010-06-29,0.43785
2010-06-30,0.36457
2010-07-01,0.28411
2010-07-02,0.30151
2010-07-03,0.21416
2010-07-04,0.22575
2010-07-05,0.24438
2010-07-06,0.17384
2010-07-07,0
2010-07-08,0
2010-07-09,0
2010-07-10,0
2010-07-11,0
2010-07-12,0.13068
2010-07-13,0.26689
2010-07-14,0.31849
2010-07-15,0.25927
2010-07-16,0.42689
2010-07-17,0.60493
2010-07-18,0.53032
2010-07-19,0.51489
2010-07-20,0.23872
2010-07-21,0.06571
2010-07-22,0
2010-07-23,0
2010-07-24,0
2010-07-25,0
2010-07-26,0
2010-07-27,0.06584
2010-07-28,0.16954
2010-07-29,0.27973
2010-07-30,0.29096
2010-07-31,0.2558
2010-08-01,0.26183
2010-08-02,0.2468
2010-08-03,0.33096
2010-08-04,0.38224
2010-08-05,0.50105
2010-08-06,0.31813
2010-08-07,0.33237
2010-08-08,0.34023
2010-08-09,0.43744
2010-08-10,0.27342
2010-08-11,0.27269
2010-08-12,0.49018
2010-08-13,0.62306
2010-08-14,0.63603
2010-08-15,0.55393
2010-08-16,0.60826
2010-08-17,0.53918
2010-08-18,0.59301
2010-08-19,0.57726
2010-08-20,0.51365
2010-08-21,0.4163
2010-08-22,0.49201
2010-08-23,0.58215
2010-08-24,0.36726
2010-08-25,0.21826
2010-08-26,0.35087
2010-08-27,0.39831
2010-08-28,0.41018
2010-08-29,0.40402
2010-08-30,0.40854
2010-08-31,0.43918
2010-09-01,0.42963
2010-09-02,0.42598
2010-09-03,0.40717
2010-09-04,0.40018
2010-09-05,0.40452
2010-09-06,0.39324
2010-09-07,0.38781
2010-09-08,0.37434
2010-09-09,0.38091
2010-09-10,0.38279
2010-09-11,0.38178
2010-09-12,0.37927
2010-09-13,0.38078
2010-09-14,0.35676
2010-09-15,0.36689
2010-09-16,0.37612
2010-09-17,0.38315
2010-09-18,0.38767
2010-09-19,0.39018
2010-09-20,0.39808
2010-09-21,0.40283
2010-09-22,0.38626
2010-09-23,0.38411
2010-09-24,0.391
2010-09-25,0.38233
2010-09-26,0.3642
2010-09-27,0.37174
2010-09-28,0.39416
2010-09-29,0.38653
2010-09-30,0.3895
2010-10-01,0.18941
2010-10-02,0.17352
2010-10-03,0.33621
2010-10-04,0.2268
2010-10-05,0.22726
2010-10-06,0.21913
2010-10-07,0.24324
2010-10-08,0.20174
2010-10-09,0.24196
2010-10-10,0.23881
2010-10-11,0.23479
2010-10-12,0.24046
2010-10-13,0.22082
2010-10-14,0.21283
2010-10-15,0.23219
2010-10-16,0.22288
2010-10-17,0.25292
2010-10-18,0.20817
2010-10-19,0.25895
2010-10-20,0.21621
2010-10-21,0.23484
2010-10-22,0.23406
2010-10-23,0.21799
2010-10-24,0.22352
2010-10-25,0.23758
2010-10-26,0.21991
2010-10-27,0.23174
2010-10-28,0.22132
2010-10-29,0.20795
2010-10-30,0.23146
2010-10-31,0.21475
2010-11-01,0.0784
2010-11-02,0
2010-11-03,0.10941
2010-11-04,0.19279
2010-11-05,0.22763
2010-11-06,0.21452
2010-11-07,0.16059
2010-11-08,0.20836
2010-11-09,0.1821
2010-11-10,0.14329
2010-11-11,0.17128
2010-11-12,0.1589
2010-11-13,0.16073
2010-11-14,0.15018
2010-11-15,0.12242
2010-11-16,0.17562
2010-11-17,0.13799
2010-11-18,0.15995
2010-11-19,0.15461
2010-11-20,0.16689
2010-11-21,0.12516
2010-11-22,0.17689
2010-11-23,0.14689
2010-11-24,0.16164
2010-11-25,0.11055
2010-11-26,0.13721
2010-11-27,0.08607
2010-11-28,0.19119
2010-11-29,0.06242
2010-11-30,0
2010-12-01,0
2010-12-02,0
2010-12-03,0
2010-12-04,0
2010-12-05,0
2010-12-06,0
2010-12-07,0
2010-12-08,0
2010-12-09,0
2010-12-10,0
2010-12-11,0
2010-12-12,0
2010-12-13,0
2010-12-14,0
2010-12-15,0
2010-12-16,0
2010-12-17,0
2010-12-18,0
2010-12-19,0
2010-12-20,0
2010-12-21,0
2010-12-22,0
2010-12-23,0
2010-12-24,0
2010-12-25,0
2010-12-26,0
2010-12-27,0
2010-12-28,0
2010-12-29,0
2010-12-30,0
2010-12-31,0
2011-01-01,0
2011-01-02,0
2011-01-03,0
2011-01-04,0
2011-01-05,0
2011-01-06,0
2011-01-07,0
2011-01-08,0
2011-01-09,0
2011-01-10,0
2011-01-11,0
2011-01-12,0
2011-01-13,0
2011-01-14,0
2011-01-15,0
2011-01-16,0
2011-01-17,0
2011-01-18,0
2011-01-19,0
2011-01-20,0
2011-01-21,0
2011-01-22,0
2011-01-23,0
2011-01-24,0
2011-01-25,0
2011-01-26,0
2011-01-27,0
2011-01-28,0
2011-01-29,0
2011-01-30,0
2011-01-31,0
2011-02-01,0
2011-02-02,0
2011-02-03,0
2011-02-04,0
2011-02-05,0
2011-02-06,0
2011-02-07,0
2011-02-08,0
2011-02-09,0
2011-02-10,0
2011-02-11,0
2011-02-12,0
2011-02-13,0
2011-02-14,0
2011-02-15,0
2011-02-16,0
2011-02-17,0
2011-02-18,0
2011-02-19,0
2011-02-20,0
2011-02-21,0
2011-02-22,0
2011-02-23,0
2011-02-24,0
2011-02-25,0
2011-02-26,0
2011-02-27,0
2011-02-28,0
2011-03-01,0
2011-03-02,0
2011-03-03,0
2011-03-04,0
2011-03-05,0
2011-03-06,0
2011-03-07,0
2011-03-08,0
2011-03-09,0
2011-03-10,0
2011-03-11,0
2011-03-12,0
2011-03-13,0
2011-03-14,0
2011-03-15,0
2011-03-16,0
2011-03-17,0
2011-03-18,0
2011-03-19,0
2011-03-20,0
2011-03-21,0
2011-03-22,0
2011-03-23,0
2011-03-24,0
2011-03-25,0
2011-03-26,0
2011-03-27,0
2011-03-28,0
2011-03-29,0
2011-03-30,0
2011-03-31,0
2011-04-01,0
2011-04-02,0
2011-04-03,0
2011-04-04,0
2011-04-05,0
2011-04-06,0
2011-04-07,0
2011-04-08,0
2011-04-09,0
2011-04-10,0
2011-04-11,0
2011-04-12,0
2011-04-13,0
2011-04-14,0
2011-04-15,0
2011-04-16,0
2011-04-17,0
2011-04-18,0
2011-04-19,0
2011-04-20,0
2011-04-21,0
2011-04-22,0
2011-04-23,0
2011-04-24,0
2011-04-25,0
2011-04-26,0
2011-04-27,0
2011-04-28,0
2011-04-29,0
2011-04-30,0
2011-05-01,0
2011-05-02,0
2011-05-03,0
2011-05-04,0
2011-05-05,0
2011-05-06,0
2011-05-07,0
2011-05-08,0
2011-05-09,0
2011-05-10,0.19365
2011-05-11,0.33242
2011-05-12,0.33493
2011-05-13,0.39744
2011-05-14,0.14105
2011-05-15,0.15708
2011-05-16,0.34658
2011-05-17,0.36041
2011-05-18,0.23653
2011-05-19,0.44662
2011-05-20,0.26037
2011-05-21,0.1858
2011-05-22,0.16662
2011-05-23,0.34174
2011-05-24,0.22703
2011-05-25,0.35027
2011-05-26,0.39557
2011-05-27,0.15922
2011-05-28,0.14566
2011-05-29,0.14566
2011-05-30,0.14091
2011-05-31,0.17105
2011-06-01,0.23297
2011-06-02,0.22804
2011-06-03,0.19831
2011-06-04,0.14374
2011-06-05,0.23744
2011-06-06,0.18338
2011-06-07,0.15822
2011-06-08,0.22068
2011-06-09,0.18822
2011-06-10,0.11315
2011-06-11,0.21338
2011-06-12,0.29689
2011-06-13,0.1032
2011-06-14,0.06251
2011-06-15,0.19151
2011-06-16,0.15489
2011-06-17,0.16717
2011-06-18,0.1495
2011-06-19,0.17584
2011-06-20,0.2068
2011-06-21,0.20073
2011-06-22,0.22416
2011-06-23,0.2274
2011-06-24,0.18388
2011-06-25,0.2326
2011-06-26,0.23539
2011-06-27,0.18393
2011-06-28,0.1553
2011-06-29,0.22228
2011-06-30,0.21032
2011-07-01,0.16361
2011-07-02,0.26174
2011-07-03,0.29799
2011-07-04,0.36639
2011-07-05,0.19329
2011-07-06,0.1926
2011-07-07,0.24913
2011-07-08,0.23516
2011-07-09,0.17087
2011-07-10,0.22146
2011-07-11,0.26397
2011-07-12,0.16347
2011-07-13,0.18073
2011-07-14,0.26274
2011-07-15,0.20826
2011-07-16,0.20826
2011-07-17,0.25274
2011-07-18,0.24018
2011-07-19,0.2074
2011-07-20,0.24539
2011-07-21,0.0721
2011-07-22,0
2011-07-23,0
2011-07-24,0
2011-07-25,0
2011-07-26,0
2011-07-27,0
2011-07-28,0
2011-07-29,0
2011-07-30,0
2011-07-31,0
2011-08-01,0
2011-08-02,0
2011-08-03,0
2011-08-04,0
2011-08-05,0
2011-08-06,0
2011-08-07,0
2011-08-08,0
2011-08-09,0
2011-08-10,0
2011-08-11,0
2011-08-12,0
2011-08-13,0
2011-08-14,0
2011-08-15,0
2011-08-16,0
2011-08-17,0
2011-08-18,0
2011-08-19,0
2011-08-20,0
2011-08-21,0
2011-08-22,0
2011-08-23,0
2011-08-24,0
2011-08-25,0
2011-08-26,0
2011-08-27,0
2011-08-28,0
2011-08-29,0
2011-08-30,0
2011-08-31,0
2011-09-01,0
2011-09-02,0
2011-09-03,0
2011-09-04,0
2011-09-05,0
2011-09-06,0
2011-09-07,0
2011-09-08,0
2011-09-09,0
2011-09-10,0
2011-09-11,0
2011-09-12,0
2011-09-13,0
2011-09-14,0
2011-09-15,0
2011-09-16,0
2011-09-17,0
2011-09-18,0
2011-09-19,0
2011-09-20,0
2011-09-21,0
2011-09-22,0
2011-09-23,0
2011-09-24,0
2011-09-25,0
2011-09-26,0
2011-09-27,0
2011-09-28,0
2011-09-29,0
2011-09-30,0
2011-10-01,0
2011-10-02,0
2011-10-03,0
2011-10-04,0
2011-10-05,0
2011-10-06,0
2011-10-07,0
2011-10-08,0
2011-10-09,0
2011-10-10,0
2011-10-11,0
2011-10-12,0
2011-10-13,0
2011-10-14,0
2011-10-15,0
2011-10-16,0
2011-10-17,0
2011-10-18,0
2011-10-19,0
2011-10-20,0
2011-10-21,0
2011-10-22,0
2011-10-23,0
2011-10-24,0
2011-10-25,0
2011-10-26,0
2011-10-27,0
2011-10-28,0
2011-10-29,0
2011-10-30,0
2011-10-31,0
2011-11-01,0
2011-11-02,0
2011-11-03,0
2011-11-04,0
2011-11-05,0
2011-11-06,0
2011-11-07,0
2011-11-08,0
2011-11-09,0
2011-11-10,0
2011-11-11,0
2011-11-12,0
2011-11-13,0
2011-11-14,0
2011-11-15,0
2011-11-16,0
2011-11-17,0
2011-11-18,0
2011-11-19,0
2011-11-20,0
2011-11-21,0
2011-11-22,0
2011-11-23,0
2011-11-24,0
2011-11-25,0
2011-11-26,0
2011-11-27,0
2011-11-28,0
2011-11-29,0
2011-11-30,0
2011-12-01,0
2011-12-02,0
2011-12-03,0
2011-12-04,0
2011-12-05,0
2011-12-06,0
2011-12-07,0
2011-12-08,0
2011-12-09,0
2011-12-10,0
2011-12-11,0
2011-12-12,0
2011-12-13,0
2011-12-14,0
2011-12-15,0
2011-12-16,0
2011-12-17,0
2011-12-18,0
2011-12-19,0
2011-12-20,0
2011-12-21,0
2011-12-22,0
2011-12-23,0
2011-12-24,0
2011-12-25,0
2011-12-26,0
2011-12-27,0
2011-12-28,0
2011-12-29,0
2011-12-30,0
2011-12-31,0
2012-01-01,0
2012-01-02,0
2012-01-03,0
2012-01-04,0
2012-01-05,0
2012-01-06,0
2012-01-07,0
2012-01-08,0
2012-01-09,0
2012-01-10,0
2012-01-11,0
2012-01-12,0
2012-01-13,0
2012-01-14,0
2012-01-15,0
2012-01-16,0
2012-01-17,0
2012-01-18,0
2012-01-19,0
2012-01-20,0
2012-01-21,0
2012-01-22,0
2012-01-23,0
2012-01-24,0
2012-01-25,0
2012-01-26,0
2012-01-27,0
2012-01-28,0
2012-01-29,0
2012-01-30,0
2012-01-31,0
2012-02-01,0
2012-02-02,0
2012-02-03,0
2012-02-04,0
2012-02-05,0
2012-02-06,0
2012-02-07,0
2012-02-08,0
2012-02-09,0
2012-02-10,0
2012-02-11,0
2012-02-12,0
2012-02-13,0
2012-02-14,0
2012-02-15,0
2012-02-16,0
2012-02-17,0
2012-02-18,0
2012-02-19,0
2012-02-20,0
2012-02-21,0
2012-02-22,0
2012-02-23,0
2012-02-24,0
2012-02-25,0
2012-02-26,0
2012-02-27,0
2012-02-28,0
2012-02-29,0
2012-03-01,0
2012-03-02,0.00009
2012-03-03,0
2012-03-04,0
2012-03-05,0
2012-03-06,0
2012-03-07,0
2012-03-08,0
2012-03-09,0
2012-03-10,0
2012-03-11,0
2012-03-12,0
2012-03-13,0
2012-03-14,0
2012-03-15,0
2012-03-16,0
2012-03-17,0
2012-03-18,0
2012-03-19,0
2012-03-20,0
2012-03-21,0
2012-03-22,0
2012-03-23,0
2012-03-24,0
2012-03-25,0
2012-03-26,0
2012-03-27,0
2012-03-28,0
2012-03-29,0
2012-03-30,0
2012-03-31,0
2012-04-01,0
2012-04-02,0
2012-04-03,0
2012-04-04,0
2012-04-05,0
2012-04-06,0
2012-04-07,0
2012-04-08,0
2012-04-09,0
2012-04-10,0
2012-04-11,0
2012-04-12,0
2012-04-13,0
2012-04-14,0
2012-04-15,0
2012-04-16,0
2012-04-17,0
2012-04-18,0
2012-04-19,0
2012-04-20,0
2012-04-21,0
2012-04-22,0
2012-04-23,0.39027
2012-04-24,0.49128
2012-04-25,0.47607
2012-04-26,0.45178
2012-04-27,0.4574
2012-04-28,0.45269
2012-04-29,0.48201
2012-04-30,0.27603
2012-05-01,0
2012-05-02,0.10507
2012-05-03,0.16817
2012-05-04,0.40667
2012-05-05,0.20402
2012-05-06,0.41726
2012-05-07,0.30703
2012-05-08,0.33845
2012-05-09,0.15927
2012-05-10,0
2012-05-11,0
2012-05-12,0
2012-05-13,0
2012-05-14,0
2012-05-15,0
2012-05-16,0
2012-05-17,0
2012-05-18,0
2012-05-19,0
2012-05-20,0
2012-05-21,0
2012-05-22,0
2012-05-23,0
2012-05-24,0
2012-05-25,0
2012-05-26,0
2012-05-27,0
2012-05-28,0
2012-05-29,0
2012-05-30,0
2012-05-31,0
2012-06-01,0
2012-06-02,0
2012-06-03,0
2012-06-04,0
2012-06-05,0
2012-06-06,0
2012-06-07,0
2012-06-08,0
2012-06-09,0
2012-06-10,0
2012-06-11,0
2012-06-12,0
2012-06-13,0
2012-06-14,0
2012-06-15,0
2012-06-16,0
2012-06-17,0
2012-06-18,0
2012-06-19,0
2012-06-20,0
2012-06-21,0
2012-06-22,0
2012-06-23,0
2012-06-24,0
2012-06-25,0
2012-06-26,0
2012-06-27,0
2012-06-28,0
2012-06-29,0
2012-06-30,0
2012-07-01,0
2012-07-02,0
2012-07-03,0
2012-07-04,0
2012-07-05,0
2012-07-06,0
2012-07-07,0
2012-07-08,0
2012-07-09,0
2012-07-10,0.00068
2012-07-11,0
2012-07-12,0
2012-07-13,0
2012-07-14,0
2012-07-15,0
2012-07-16,0
2012-07-17,0
2012-07-18,0
2012-07-19,0
2012-07-20,0
2012-07-21,0
2012-07-22,0
2012-07-23,0
2012-07-24,0
2012-07-25,0
2012-07-26,0
2012-07-27,0
2012-07-28,0
2012-07-29,0
2012-07-30,0
2012-07-31,0
2012-08-01,0
2012-08-02,0
2012-08-03,0
2012-08-04,0
2012-08-05,0
2012-08-06,0
2012-08-07,0
2012-08-08,0
2012-08-09,0
2012-08-10,0
2012-08-11,0
2012-08-12,0
2012-08-13,0
2012-08-14,0
2012-08-15,0
2012-08-16,0
2012-08-17,0
2012-08-18,0
2012-08-19,0
2012-08-20,0
2012-08-21,0
2012-08-22,0
2012-08-23,0
2012-08-24,0
2012-08-25,0
2012-08-26,0
2012-08-27,0
2012-08-28,0
2012-08-29,0
2012-08-30,0
2012-08-31,0
2012-09-01,0
2012-09-02,0
2012-09-03,0
2012-09-04,0
2012-09-05,0
2012-09-06,0
2012-09-07,0
2012-09-08,0
2012-09-09,0
2012-09-10,0
2012-09-11,0
2012-09-12,0
2012-09-13,0
2012-09-14,0
2012-09-15,0
2012-09-16,0
2012-09-17,0
2012-09-18,0.02018
2012-09-19,0
2012-09-20,0
2012-09-21,0
2012-09-22,0
2012-09-23,0
2012-09-24,0
2012-09-25,0
2012-09-26,0
2012-09-27,0
2012-09-28,0
2012-09-29,0
2012-09-30,0
2012-10-01,0
2012-10-02,0
2012-10-03,0
2012-10-04,0
2012-10-05,0
2012-10-06,0
2012-10-07,0
2012-10-08,0
2012-10-09,0
2012-10-10,0
2012-10-11,0
2012-10-12,0
2012-10-13,0
2012-10-14,0
2012-10-15,0
2012-10-16,0
2012-10-17,0
2012-10-18,0
2012-10-19,0
2012-10-20,0
2012-10-21,0
2012-10-22,0
2012-10-23,0
2012-10-24,0
2012-10-25,0
2012-10-26,0
2012-10-27,0
2012-10-28,0
2012-10-29,0
2012-10-30,0
2012-10-31,0
2012-11-01,0
2012-11-02,0
2012-11-03,0
2012-11-04,0
2012-11-05,0
2012-11-06,0
2012-11-07,0
2012-11-08,0
2012-11-09,0
2012-11-10,0
2012-11-11,0
2012-11-12,0
2012-11-13,0
2012-11-14,0
2012-11-15,0
2012-11-16,0
2012-11-17,0
2012-11-18,0
2012-11-19,0
2012-11-20,0
2012-11-21,0
2012-11-22,0
2012-11-23,0
2012-11-24,0
2012-11-25,0
2012-11-26,0
2012-11-27,0
2012-11-28,0
2012-11-29,0
2012-11-30,0
2012-12-01,0
2012-12-02,0
2012-12-03,0
2012-12-04,0
2012-12-05,0
2012-12-06,0
2012-12-07,0
2012-12-08,0
2012-12-09,0
2012-12-10,0
2012-12-11,0
2012-12-12,0
2012-12-13,0
2012-12-14,0
2012-12-15,0
2012-12-16,0
2012-12-17,0
2012-12-18,0
2012-12-19,0
2012-12-20,0
2012-12-21,0
2012-12-22,0
2012-12-23,0
2012-12-24,0
2012-12-25,0
2012-12-26,0
2012-12-27,0
2012-12-28,0
2012-12-29,0
2012-12-30,0
2012-12-31,0
2013-01-01,0
2013-01-02,0
2013-01-03,0
2013-01-04,0
2013-01-05,0
2013-01-06,0
2013-01-07,0
2013-01-08,0
2013-01-09,0
2013-01-10,0
2013-01-11,0
2013-01-12,0
2013-01-13,0
2013-01-14,0
2013-01-15,0
2013-01-16,0
2013-01-17,0
2013-01-18,0
2013-01-19,0
2013-01-20,0
2013-01-21,0
2013-01-22,0
2013-01-23,0
2013-01-24,0
2013-01-25,0
2013-01-26,0
2013-01-27,0
2013-01-28,0
2013-01-29,0
2013-01-30,0
2013-01-31,0
2013-02-01,0
2013-02-02,0
2013-02-03,0
2013-02-04,0
2013-02-05,0
2013-02-06,0
2013-02-07,0
2013-02-08,0
2013-02-09,0
2013-02-10,0
2013-02-11,0
2013-02-12,0
2013-02-13,0
2013-02-14,0
2013-02-15,0
2013-02-16,0
2013-02-17,0
2013-02-18,0
2013-02-19,0
2013-02-20,0
2013-02-21,0
2013-02-22,0
2013-02-23,0
2013-02-24,0
2013-02-25,0
2013-02-26,0
2013-02-27,0
2013-02-28,0
2013-03-01,0
2013-03-02,0
2013-03-03,0
2013-03-04,0
2013-03-05,0
2013-03-06,0
2013-03-07,0
2013-03-08,0
2013-03-09,0
2013-03-10,0
2013-03-11,0
2013-03-12,0
2013-03-13,0
2013-03-14,0
2013-03-15,0
2013-03-16,0
2013-03-17,0
2013-03-18,0
2013-03-19,0
2013-03-20,0
2013-03-21,0
2013-03-22,0
2013-03-23,0
2013-03-24,0
2013-03-25,0
2013-03-26,0
2013-03-27,0
2013-03-28,0
2013-03-29,0
2013-03-30,0
2013-03-31,0
2013-04-01,0
2013-04-02,0
2013-04-03,0
2013-04-04,0
2013-04-05,0
2013-04-06,0
2013-04-07,0
2013-04-08,0
2013-04-09,0
2013-04-10,0
2013-04-11,0
2013-04-12,0
2013-04-13,0
2013-04-14,0
2013-04-15,0
2013-04-16,0
2013-04-17,0
2013-04-18,0
2013-04-19,0
2013-04-20,0
2013-04-21,0
2013-04-22,0
2013-04-23,0
2013-04-24,0
2013-04-25,0
2013-04-26,0
2013-04-27,0
2013-04-28,0
2013-04-29,0
2013-04-30,0
2013-05-01,0
2013-05-02,0
2013-05-03,0
2013-05-04,0
2013-05-05,0
2013-05-06,0
2013-05-07,0
2013-05-08,0
2013-05-09,0
2013-05-10,0
2013-05-11,0
2013-05-12,0
2013-05-13,0
2013-05-14,0
2013-05-15,0
2013-05-16,0
2013-05-17,0
2013-05-18,0
2013-05-19,0
2013-05-20,0
2013-05-21,0
2013-05-22,0
2013-05-23,0
2013-05-24,0
2013-05-25,0
2013-05-26,0
2013-05-27,0
2013-05-28,0
2013-05-29,0
2013-05-30,0
2013-05-31,0
2013-06-01,0
2013-06-02,0
2013-06-03,0
2013-06-04,0
2013-06-05,0
2013-06-06,0
2013-06-07,0
2013-06-08,0
2013-06-09,0
2013-06-10,0
2013-06-11,0
2013-06-12,0
2013-06-13,0
2013-06-14,0
2013-06-15,0
2013-06-16,0
2013-06-17,0
2013-06-18,0
2013-06-19,0
2013-06-20,0
2013-06-21,0
2013-06-22,0
2013-06-23,0
2013-06-24,0
2013-06-25,0
2013-06-26,0
2013-06-27,0
2013-06-28,0
2013-06-29,0
2013-06-30,0
2013-07-01,0
2013-07-02,0
2013-07-03,0
2013-07-04,0
2013-07-05,0
2013-07-06,0
2013-07-07,0
2013-07-08,0
2013-07-09,0
2013-07-10,0
2013-07-11,0
2013-07-12,0
2013-07-13,0
2013-07-14,0
2013-07-15,0
2013-07-16,0
2013-07-17,0
2013-07-18,0
2013-07-19,0
2013-07-20,0
2013-07-21,0
2013-07-22,0
2013-07-23,0
2013-07-24,0
2013-07-25,0
2013-07-26,0
2013-07-27,0
2013-07-28,0
2013-07-29,0
2013-07-30,0
2013-07-31,0
2013-08-01,0
2013-08-02,0
2013-08-03,0
2013-08-04,0
2013-08-05,0
2013-08-06,0
2013-08-07,0
2013-08-08,0
2013-08-09,0
2013-08-10,0
2013-08-11,0
2013-08-12,0
2013-08-13,0
2013-08-14,0
2013-08-15,0
2013-08-16,0
2013-08-17,0
2013-08-18,0
2013-08-19,0
2013-08-20,0
2013-08-21,0
2013-08-22,0
2013-08-23,0
2013-08-24,0
2013-08-25,0
2013-08-26,0
2013-08-27,0
2013-08-28,0
2013-08-29,0
2013-08-30,0
2013-08-31,0
2013-09-01,0
2013-09-02,0
2013-09-03,0
2013-09-04,0
2013-09-05,0
2013-09-06,0
2013-09-07,0
2013-09-08,0
2013-09-09,0
2013-09-10,0
2013-09-11,0
2013-09-12,0
2013-09-13,0
2013-09-14,0
2013-09-15,0
2013-09-16,0
2013-09-17,0
2013-09-18,0
2013-09-19,0
2013-09-20,0
2013-09-21,0
2013-09-22,0
2013-09-23,0
2013-09-24,0
2013-09-25,0
2013-09-26,0
2013-09-27,0
2013-09-28,0
2013-09-29,0
2013-09-30,0
2013-10-01,0
2013-10-02,0
2013-10-03,0
2013-10-04,0
2013-10-05,0
2013-10-06,0
2013-10-07,0
2013-10-08,0
2013-10-09,0
2013-10-10,0
2013-10-11,0
2013-10-12,0
2013-10-13,0
2013-10-14,0
2013-10-15,0
2013-10-16,0
2013-10-17,0
2013-10-18,0
2013-10-19,0
2013-10-20,0
2013-10-21,0
2013-10-22,0
2013-10-23,0
2013-10-24,0
2013-10-25,0
2013-10-26,0
2013-10-27,0
2013-10-28,0
2013-10-29,0
2013-10-30,0
2013-10-31,0
2013-11-01,0
2013-11-02,0
2013-11-03,0
2013-11-04,0
2013-11-05,0
2013-11-06,0
2013-11-07,0
2013-11-08,0
2013-11-09,0
2013-11-10,0
2013-11-11,0
2013-11-12,0
2013-11-13,0
2013-11-14,0
2013-11-15,0
2013-11-16,0
2013-11-17,0
2013-11-18,0
2013-11-19,0
2013-11-20,0
2013-11-21,0
2013-11-22,0
2013-11-23,0
2013-11-24,0
2013-11-25,0
2013-11-26,0
2013-11-27,0
2013-11-28,0
2013-11-29,0
2013-11-30,0
2013-12-01,0
2013-12-02,0
2013-12-03,0
2013-12-04,0
2013-12-05,0
2013-12-06,0
2013-12-07,0
2013-12-08,0
2013-12-09,0
2013-12-10,0
2013-12-11,0
2013-12-12,0
2013-12-13,0
2013-12-14,0
2013-12-15,0
2013-12-16,0
2013-12-17,0
2013-12-18,0
2013-12-19,0
2013-12-20,0
2013-12-21,0
2013-12-22,0
2013-12-23,0
2013-12-24,0
2013-12-25,0
2013-12-26,0
2013-12-27,0
2013-12-28,0
2013-12-29,0
2013-12-30,0
2013-12-31,0
2014-01-01,0
2014-01-02,0
2014-01-03,0
2014-01-04,0
2014-01-05,0
2014-01-06,0
2014-01-07,0
2014-01-08,0
2014-01-09,0
2014-01-10,0
2014-01-11,0
2014-01-12,0
2014-01-13,0
2014-01-14,0
2014-01-15,0
2014-01-16,0
2014-01-17,0
2014-01-18,0
2014-01-19,0
2014-01-20,0
2014-01-21,0
2014-01-22,0
2014-01-23,0
2014-01-24,0
2014-01-25,0
2014-01-26,0
2014-01-27,0
2014-01-28,0
2014-01-29,0
2014-01-30,0
2014-01-31,0
2014-02-01,0
2014-02-02,0
2014-02-03,0
2014-02-04,0
2014-02-05,0
2014-02-06,0
2014-02-07,0
2014-02-08,0.04986
2014-02-09,0.38603
2014-02-10,0.12274
2014-02-11,0
2014-02-12,0
2014-02-13,0
2014-02-14,0
2014-02-15,0
2014-02-16,0
2014-02-17,0
2014-02-18,0
2014-02-19,0
2014-02-20,0
2014-02-21,0
2014-02-22,0
2014-02-23,0
2014-02-24,0
2014-02-25,0
2014-02-26,0
2014-02-27,0
2014-02-28,0
2014-03-01,0
2014-03-02,0
2014-03-03,0
2014-03-04,0
2014-03-05,0
2014-03-06,0
2014-03-07,0
2014-03-08,0
2014-03-09,0
2014-03-10,0
2014-03-11,0
2014-03-12,0
2014-03-13,0
2014-03-14,0
2014-03-15,0
2014-03-16,0
2014-03-17,0
2014-03-18,0
2014-03-19,0
2014-03-20,0
2014-03-21,0
2014-03-22,0
2014-03-23,0
2014-03-24,0
2014-03-25,0
2014-03-26,0
2014-03-27,0
2014-03-28,0
2014-03-29,0
2014-03-30,0
2014-03-31,0
2014-04-01,0
2014-04-02,0
2014-04-03,0
2014-04-04,0
2014-04-05,0
2014-04-06,0
2014-04-07,0
2014-04-08,0
2014-04-09,0
2014-04-10,0
2014-04-11,0
2014-04-12,0
2014-04-13,0
2014-04-14,0
2014-04-15,0
2014-04-16,0
2014-04-17,0
2014-04-18,0
2014-04-19,0
2014-04-20,0
2014-04-21,0
2014-04-22,0
2014-04-23,0
2014-04-24,0
2014-04-25,0
2014-04-26,0
2014-04-27,0
2014-04-28,0
2014-04-29,0
2014-04-30,0
2014-05-01,0
2014-05-02,0
2014-05-03,0
2014-05-04,0
2014-05-05,0
2014-05-06,0
2014-05-07,0
2014-05-08,0
2014-05-09,0
2014-05-10,0
2014-05-11,0
2014-05-12,0
2014-05-13,0
2014-05-14,0
2014-05-15,0
2014-05-16,0.06338
2014-05-17,0.16279
2014-05-18,0.16142
2014-05-19,0.24717
2014-05-20,0.44105
2014-05-21,0.55429
2014-05-22,0.56347
2014-05-23,0.63995
2014-05-24,0.87571
2014-05-25,0.87571
2014-05-26,0.7184
2014-05-27,0.64279
2014-05-28,0.63237
2014-05-29,0.63562
2014-05-30,0.62374
2014-05-31,0.62429
2014-06-01,0.6226
2014-06-02,0.39973
2014-06-03,0.18365
2014-06-04,0.43356
2014-06-05,0.54525
2014-06-06,0.49607
2014-06-07,0.43731
2014-06-08,0.43822
2014-06-09,0.43799
2014-06-10,0.7005
2014-06-11,0.97438
2014-06-12,1.06046
2014-06-13,0.80731
2014-06-14,0.73991
2014-06-15,0.72918
2014-06-16,0.89712
2014-06-17,0.92507
2014-06-18,0.80023
2014-06-19,0.78553
2014-06-20,0.78658
2014-06-21,0.77384
2014-06-22,0.77662
2014-06-23,0.74986
2014-06-24,0.75927
2014-06-25,0.79324
2014-06-26,0.7332
2014-06-27,0.74137
2014-06-28,0.73986
2014-06-29,0.74224
2014-06-30,0.73671
2014-07-01,0.75215
2014-07-02,0.75018
2014-07-03,0.75082
2014-07-04,0.74868
2014-07-05,0.74612
2014-07-06,0.75352
2014-07-07,0.75936
2014-07-08,0.73744
2014-07-09,0.749
2014-07-10,0.76963
2014-07-11,0.77297
2014-07-12,0.77918
2014-07-13,0.75744
2014-07-14,0.77365
2014-07-15,0.77242
2014-07-16,0.77457
2014-07-17,0.77114
2014-07-18,0.77571
2014-07-19,0.78676
2014-07-20,0.79511
2014-07-21,0.81406
2014-07-22,0.82639
2014-07-23,0.82731
2014-07-24,0.82338
2014-07-25,0.79913
2014-07-26,0.8237
2014-07-27,0.80553
2014-07-28,0.82685
2014-07-29,0.80758
2014-07-30,0.81123
2014-07-31,0.80721
2014-08-01,0.81388
2014-08-02,0.81676
2014-08-03,0.81119
2014-08-04,0.81982
2014-08-05,0.8126
2014-08-06,0.81023
2014-08-07,0.80233
2014-08-08,0.80918
2014-08-09,0.79854
2014-08-10,0.80429
2014-08-11,0.79772
2014-08-12,0.78416
2014-08-13,0.78995
2014-08-14,0.78187
2014-08-15,0.77484
2014-08-16,0.76224
2014-08-17,0.76297
2014-08-18,0.76726
2014-08-19,0.74735
2014-08-20,0.74137
2014-08-21,0.73799
2014-08-22,0.73457
2014-08-23,0.72269
2014-08-24,0.72543
2014-08-25,0.30105
2014-08-26,0.50338
2014-08-27,0.67991
2014-08-28,0.72849
2014-08-29,0.73502
2014-08-30,0.51516
2014-08-31,0.14365
2014-09-01,0.10461
2014-09-02,0.09489
2014-09-03,0.04717
2014-09-04,0.22379
2014-09-05,0.17384
2014-09-06,0.19315
2014-09-07,0.24671
2014-09-08,0.65151
2014-09-09,0.33082
2014-09-10,0.58178
2014-09-11,0.81
2014-09-12,0.83425
2014-09-13,0.87584
2014-09-14,0.87575
2014-09-15,0.28676
2014-09-16,0
2014-09-17,0
2014-09-18,0
2014-09-19,0
2014-09-20,0
2014-09-21,0
2014-09-22,0
2014-09-23,0
2014-09-24,0
2014-09-25,0
2014-09-26,0
2014-09-27,0
2014-09-28,0
2014-09-29,0
2014-09-30,0
2014-10-01,0
2014-10-02,0
2014-10-03,0
2014-10-04,0
2014-10-05,0
2014-10-06,0
2014-10-07,0
2014-10-08,0
2014-10-09,0
2014-10-10,0
2014-10-11,0
2014-10-12,0
2014-10-13,0
2014-10-14,0
2014-10-15,0
2014-10-16,0
2014-10-17,0
2014-10-18,0
2014-10-19,0
2014-10-20,0
2014-10-21,0
2014-10-22,0
2014-10-23,0
2014-10-24,0
2014-10-25,0
2014-10-26,0
2014-10-27,0
2014-10-28,0
2014-10-29,0
2014-10-30,0
2014-10-31,0
2014-11-01,0
2014-11-02,0
2014-11-03,0
2014-11-04,0
2014-11-05,0
2014-11-06,0
2014-11-07,0
2014-11-08,0
2014-11-09,0
2014-11-10,0
2014-11-11,0
2014-11-12,0
2014-11-13,0
2014-11-14,0
2014-11-15,0
2014-11-16,0
2014-11-17,0
2014-11-18,0
2014-11-19,0
2014-11-20,0
2014-11-21,0
2014-11-22,0
2014-11-23,0
2014-11-24,0
2014-11-25,0
2014-11-26,0
2014-11-27,0
2014-11-28,0
2014-11-29,0
2014-11-30,0
2014-12-01,0
2014-12-02,0
2014-12-03,0
2014-12-04,0
2014-12-05,0
2014-12-06,0
2014-12-07,0
2014-12-08,0
2014-12-09,0
2014-12-10,0
2014-12-11,0
2014-12-12,0
2014-12-13,0
2014-12-14,0
2014-12-15,0
2014-12-16,0
2014-12-17,0
2014-12-18,0
2014-12-19,0
2014-12-20,0
2014-12-21,0
2014-12-22,0
2014-12-23,0
2014-12-24,0
2014-12-25,0
2014-12-26,0
2014-12-27,0
2014-12-28,0
2014-12-29,0
2014-12-30,0
2014-12-31,0
2015-01-01,0
2015-01-02,0
2015-01-03,0
2015-01-04,0
2015-01-05,0
2015-01-06,0
2015-01-07,0
2015-01-08,0
2015-01-09,0
2015-01-10,0
2015-01-11,0
2015-01-12,0
2015-01-13,0
2015-01-14,0
2015-01-15,0
2015-01-16,0
2015-01-17,0
2015-01-18,0
2015-01-19,0
2015-01-20,0
2015-01-21,0
2015-01-22,0
2015-01-23,0
2015-01-24,0
2015-01-25,0
2015-01-26,0
2015-01-27,0
2015-01-28,0
2015-01-29,0
2015-01-30,0
2015-01-31,0
2015-02-01,0
2015-02-02,0
2015-02-03,0
2015-02-04,0
2015-02-05,0
2015-02-06,0
2015-02-07,0
2015-02-08,0
2015-02-09,0
2015-02-10,0
2015-02-11,0
2015-02-12,0
2015-02-13,0
2015-02-14,0
2015-02-15,0
2015-02-16,0
2015-02-17,0
2015-02-18,0
2015-02-19,0
2015-02-20,0
2015-02-21,0
2015-02-22,0
2015-02-23,0.23183
2015-02-24,0.43662
2015-02-25,0.51384
2015-02-26,0.62269
2015-02-27,0.73374
2015-02-28,0.76598
2015-03-01,0.76607
2015-03-02,0.53808
2015-03-03,0.46347
2015-03-04,0.4516
2015-03-05,0.46224
2015-03-06,0.19164
2015-03-07,0
2015-03-08,0
2015-03-09,0
2015-03-10,0
2015-03-11,0
2015-03-12,0.08443
2015-03-13,0.19991
2015-03-14,0.21963
2015-03-15,0.21726
2015-03-16,0.25767
2015-03-17,0.27475
2015-03-18,0.27479
2015-03-19,0.27333
2015-03-20,0.27406
2015-03-21,0.27539
2015-03-22,0.27279
2015-03-23,0.07872
2015-03-24,0
2015-03-25,0
2015-03-26,0
2015-03-27,0
2015-03-28,0
2015-03-29,0
2015-03-30,0.11055
2015-03-31,0.19954
2015-04-01,0.25575
2015-04-02,0.31037
2015-04-03,0.32808
2015-04-04,0.32886
2015-04-05,0.30292
2015-04-06,0.27073
2015-04-07,0.35347
2015-04-08,0.4216
2015-04-09,0.47612
2015-04-10,0.53146
2015-04-11,0.54676
2015-04-12,0.54708
2015-04-13,0.58566
2015-04-14,0.60196
2015-04-15,0.6305
2015-04-16,0.68146
2015-04-17,0.71137
2015-04-18,0.71128
2015-04-19,0.71059
2015-04-20,0.68142
2015-04-21,0.64055
2015-04-22,0.65963
2015-04-23,0.58178
2015-04-24,0.63639
2015-04-25,0.60164
2015-04-26,0.58749
2015-04-27,0.59858
2015-04-28,0.60731
2015-04-29,0.58995
2015-04-30,0.58749
2015-05-01,0.58785
2015-05-02,0.59425
2015-05-03,0.58475
2015-05-04,0.59781
2015-05-05,0.60078
2015-05-06,0.60772
2015-05-07,0.61452
2015-05-08,0.60776
2015-05-09,0.60712
2015-05-10,0.61493
2015-05-11,0.59982
2015-05-12,0.56881
2015-05-13,0.58594
2015-05-14,0.58849
2015-05-15,0.58849
2015-05-16,0.58817
2015-05-17,0.58703
2015-05-18,0.5695
2015-05-19,0.58306
2015-05-20,0.58073
2015-05-21,0.58849
2015-05-22,0.57511
2015-05-23,0.579
2015-05-24,0.57616
2015-05-25,0.57895
2015-05-26,0.59548
2015-05-27,0.58822
2015-05-28,0.57959
2015-05-29,0.57808
2015-05-30,0.58945
2015-05-31,0.58
2015-06-01,0.5811
2015-06-02,0.57712
2015-06-03,0.59726
2015-06-04,0.58361
2015-06-05,0.59968
2015-06-06,0.60201
2015-06-07,0.60215
2015-06-08,0.62658
2015-06-09,0.61703
2015-06-10,0.61621
2015-06-11,0.62265
2015-06-12,0.63553
2015-06-13,0.6158
2015-06-14,0.64005
2015-06-15,0.64511
2015-06-16,0.64941
2015-06-17,0.64863
2015-06-18,0.61877
2015-06-19,0.63256
2015-06-20,0.62292
2015-06-21,0.62438
2015-06-22,0.51995
2015-06-23,0.59712
2015-06-24,0.61009
2015-06-25,0.60247
2015-06-26,0.59338
2015-06-27,0.59132
2015-06-28,0.61187
2015-06-29,0.60196
2015-06-30,0.61256
2015-07-01,0.61991
2015-07-02,0.62813
2015-07-03,0.63005
2015-07-04,0.64438
2015-07-05,0.64196
2015-07-06,0.65219
2015-07-07,0.65744
2015-07-08,0.66333
2015-07-09,0.66543
2015-07-10,0.66708
2015-07-11,0.65662
2015-07-12,0.65452
2015-07-13,0.63922
2015-07-14,0.62685
2015-07-15,0.6447
2015-07-16,0.62603
2015-07-17,0.62795
2015-07-18,0.63352
2015-07-19,0.60799
2015-07-20,0.62959
2015-07-21,0.61493
2015-07-22,0.62174
2015-07-23,0.60575
2015-07-24,0.61598
2015-07-25,0.61342
2015-07-26,0.62137
2015-07-27,0.59416
2015-07-28,0.6089
2015-07-29,0.58598
2015-07-30,0.57635
2015-07-31,0.5732
2015-08-01,0.58525
2015-08-02,0.5816
2015-08-03,0.58397
2015-08-04,0.58237
2015-08-05,0.58881
2015-08-06,0.58909
2015-08-07,0.60169
2015-08-08,0.60265
2015-08-09,0.61297
2015-08-10,0.61297
2015-08-11,0.63836
2015-08-12,0.63388
2015-08-13,0.6332
2015-08-14,0.63493
2015-08-15,0.63639
2015-08-16,0.61963
2015-08-17,0.63662
2015-08-18,0.62434
2015-08-19,0.61872
2015-08-20,0.61384
2015-08-21,0.61525
2015-08-22,0.61046
2015-08-23,0.60489
2015-08-24,0.43717
2015-08-25,0.32224
2015-08-26,0.22721
2015-08-27,0.32566
2015-08-28,0.46721
2015-08-29,0.4774
2015-08-30,0.47315
2015-08-31,0.65836
2015-09-01,0.69196
2015-09-02,0.74457
2015-09-03,0.83616
2015-09-04,0.68881
2015-09-05,0.69192
2015-09-06,0.63219
2015-09-07,0.61699
2015-09-08,0.19877
2015-09-09,0
2015-09-10,0
2015-09-11,0
2015-09-12,0
2015-09-13,0
2015-09-14,0
2015-09-15,0
2015-09-16,0
2015-09-17,0
2015-09-18,0
2015-09-19,0
2015-09-20,0
2015-09-21,0
2015-09-22,0
2015-09-23,0
2015-09-24,0
2015-09-25,0
2015-09-26,0
2015-09-27,0
2015-09-28,0
2015-09-29,0
2015-09-30,0
